event_id,event_types,airline,direction,total_flights,delayed_flights,cancelled_flights,severe_flights,mean_delay_minutes,median_delay_minutes,delay_rate,cancellation_rate,severe_rate
OGG_EVT_001,Drought | Heavy Rain | High Surf,AA,arrival,178,22,0,0,5.769662921348314,0.0,0.12359550561797752,0.0,0.0
OGG_EVT_001,Drought | Heavy Rain | High Surf,AA,departure,179,21,0,1,5.189944134078212,0.0,0.11731843575418995,0.0,0.00558659217877095
OGG_EVT_001,Drought | Heavy Rain | High Surf,AS,arrival,357,51,0,4,7.97457627118644,0.0,0.14285714285714285,0.0,0.011204481792717087
OGG_EVT_001,Drought | Heavy Rain | High Surf,AS,departure,357,68,0,11,11.92156862745098,0.0,0.19047619047619047,0.0,0.03081232492997199
OGG_EVT_001,Drought | Heavy Rain | High Surf,DL,arrival,115,17,0,0,5.991304347826087,0.0,0.14782608695652175,0.0,0.0
OGG_EVT_001,Drought | Heavy Rain | High Surf,DL,departure,115,17,0,2,8.791304347826086,0.0,0.14782608695652175,0.0,0.017391304347826087
OGG_EVT_001,Drought | Heavy Rain | High Surf,HA,arrival,1462,122,4,8,4.137174211248285,0.0,0.08344733242134063,0.0027359781121751026,0.005471956224350205
OGG_EVT_001,Drought | Heavy Rain | High Surf,HA,departure,1462,154,5,7,4.914207275223061,0.0,0.10533515731874145,0.003419972640218878,0.0047879616963064295
OGG_EVT_001,Drought | Heavy Rain | High Surf,UA,arrival,251,26,0,4,7.095617529880478,0.0,0.10358565737051793,0.0,0.01593625498007968
OGG_EVT_001,Drought | Heavy Rain | High Surf,UA,departure,251,34,2,4,8.032128514056225,0.0,0.13545816733067728,0.00796812749003984,0.01593625498007968
OGG_EVT_001,Drought | Heavy Rain | High Surf,WN,arrival,254,14,1,1,3.2292490118577075,0.0,0.05511811023622047,0.003937007874015748,0.003937007874015748
OGG_EVT_001,Drought | Heavy Rain | High Surf,WN,departure,254,15,1,3,4.569169960474309,0.0,0.05905511811023622,0.003937007874015748,0.011811023622047244
OGG_EVT_002,Heavy Rain | High Surf,AA,arrival,15,0,0,0,0.0,0.0,0.0,0.0,0.0
OGG_EVT_002,Heavy Rain | High Surf,AA,departure,15,0,0,0,0.6666666666666666,0.0,0.0,0.0,0.0
OGG_EVT_002,Heavy Rain | High Surf,AS,arrival,31,3,0,0,7.064516129032258,0.0,0.0967741935483871,0.0,0.0
OGG_EVT_002,Heavy Rain | High Surf,AS,departure,33,5,0,1,15.303030303030303,0.0,0.15151515151515152,0.0,0.030303030303030304
OGG_EVT_002,Heavy Rain | High Surf,DL,arrival,12,2,0,0,12.833333333333334,0.0,0.16666666666666666,0.0,0.0
OGG_EVT_002,Heavy Rain | High Surf,DL,departure,12,3,0,0,14.083333333333334,0.0,0.25,0.0,0.0
OGG_EVT_002,Heavy Rain | High Surf,HA,arrival,129,4,0,0,1.565891472868217,0.0,0.031007751937984496,0.0,0.0
OGG_EVT_002,Heavy Rain | High Surf,HA,departure,129,9,0,0,2.7364341085271318,0.0,0.06976744186046512,0.0,0.0
OGG_EVT_002,Heavy Rain | High Surf,UA,arrival,23,2,0,1,9.73913043478261,0.0,0.08695652173913043,0.0,0.043478260869565216
OGG_EVT_002,Heavy Rain | High Surf,UA,departure,23,2,1,1,7.181818181818182,0.0,0.08695652173913043,0.043478260869565216,0.043478260869565216
OGG_EVT_002,Heavy Rain | High Surf,WN,arrival,24,1,0,0,1.0,0.0,0.041666666666666664,0.0,0.0
OGG_EVT_002,Heavy Rain | High Surf,WN,departure,24,3,0,0,3.9166666666666665,0.0,0.125,0.0,0.0
OGG_EVT_003,Heavy Rain | High Surf,AA,arrival,8,2,0,0,13.5,0.0,0.25,0.0,0.0
OGG_EVT_003,Heavy Rain | High Surf,AA,departure,8,0,0,0,1.125,0.0,0.0,0.0,0.0
OGG_EVT_003,Heavy Rain | High Surf,AS,arrival,21,0,0,0,0.2857142857142857,0.0,0.0,0.0,0.0
OGG_EVT_003,Heavy Rain | High Surf,AS,departure,20,1,0,0,2.35,0.0,0.05,0.0,0.0
OGG_EVT_003,Heavy Rain | High Surf,DL,arrival,4,0,0,0,0.0,0.0,0.0,0.0,0.0
OGG_EVT_003,Heavy Rain | High Surf,DL,departure,4,0,0,0,0.0,0.0,0.0,0.0,0.0
OGG_EVT_003,Heavy Rain | High Surf,HA,arrival,103,8,1,1,3.823529411764706,0.0,0.07766990291262135,0.009708737864077669,0.009708737864077669
OGG_EVT_003,Heavy Rain | High Surf,HA,departure,99,13,1,2,5.959183673469388,0.0,0.13131313131313133,0.010101010101010102,0.020202020202020204
OGG_EVT_003,Heavy Rain | High Surf,UA,arrival,12,1,0,0,4.916666666666667,0.0,0.08333333333333333,0.0,0.0
OGG_EVT_003,Heavy Rain | High Surf,UA,departure,12,3,0,0,14.583333333333334,0.0,0.25,0.0,0.0
OGG_EVT_003,Heavy Rain | High Surf,WN,arrival,17,3,1,1,7.0625,0.0,0.17647058823529413,0.058823529411764705,0.058823529411764705
OGG_EVT_003,Heavy Rain | High Surf,WN,departure,19,5,1,2,21.11111111111111,0.0,0.2631578947368421,0.05263157894736842,0.10526315789473684
OGG_EVT_004,High Surf,AA,arrival,9,0,0,0,0.0,0.0,0.0,0.0,0.0
OGG_EVT_004,High Surf,AA,departure,7,1,0,1,28.714285714285715,0.0,0.14285714285714285,0.0,0.14285714285714285
OGG_EVT_004,High Surf,AS,arrival,18,1,0,0,1.0,0.0,0.05555555555555555,0.0,0.0
OGG_EVT_004,High Surf,AS,departure,17,0,0,0,0.47058823529411764,0.0,0.0,0.0,0.0
OGG_EVT_004,High Surf,DL,arrival,7,0,0,0,0.0,0.0,0.0,0.0,0.0
OGG_EVT_004,High Surf,DL,departure,5,0,0,0,0.0,0.0,0.0,0.0,0.0
OGG_EVT_004,High Surf,HA,arrival,81,5,1,2,3.9625,0.0,0.06172839506172839,0.012345679012345678,0.024691358024691357
OGG_EVT_004,High Surf,HA,departure,81,8,1,2,6.675,0.0,0.09876543209876543,0.012345679012345678,0.024691358024691357
OGG_EVT_004,High Surf,UA,arrival,13,0,0,0,0.0,0.0,0.0,0.0,0.0
OGG_EVT_004,High Surf,UA,departure,12,0,0,0,0.0,0.0,0.0,0.0,0.0
OGG_EVT_004,High Surf,WN,arrival,15,0,0,0,1.8,0.0,0.0,0.0,0.0
OGG_EVT_004,High Surf,WN,departure,16,1,0,0,2.9375,0.0,0.0625,0.0,0.0
OGG_EVT_005,High Surf,AA,arrival,12,1,0,0,2.75,0.0,0.08333333333333333,0.0,0.0
OGG_EVT_005,High Surf,AA,departure,11,0,0,0,0.36363636363636365,0.0,0.0,0.0,0.0
OGG_EVT_005,High Surf,AS,arrival,26,1,0,0,0.6538461538461539,0.0,0.038461538461538464,0.0,0.0
OGG_EVT_005,High Surf,AS,departure,25,1,0,0,1.2,0.0,0.04,0.0,0.0
OGG_EVT_005,High Surf,DL,arrival,7,1,0,0,3.4285714285714284,0.0,0.14285714285714285,0.0,0.0
OGG_EVT_005,High Surf,DL,departure,7,1,0,0,14.285714285714286,0.0,0.14285714285714285,0.0,0.0
OGG_EVT_005,High Surf,HA,arrival,110,4,0,0,1.8363636363636364,0.0,0.03636363636363636,0.0,0.0
OGG_EVT_005,High Surf,HA,departure,109,11,0,0,4.532110091743119,0.0,0.10091743119266056,0.0,0.0
OGG_EVT_005,High Surf,UA,arrival,14,1,0,0,3.0,0.0,0.07142857142857142,0.0,0.0
OGG_EVT_005,High Surf,UA,departure,14,1,0,0,2.5714285714285716,0.0,0.07142857142857142,0.0,0.0
OGG_EVT_005,High Surf,WN,arrival,19,0,0,0,0.7368421052631579,0.0,0.0,0.0,0.0
OGG_EVT_005,High Surf,WN,departure,20,1,0,0,4.75,0.0,0.05,0.0,0.0
OGG_EVT_006,High Surf,AA,arrival,7,0,0,0,1.4285714285714286,0.0,0.0,0.0,0.0
OGG_EVT_006,High Surf,AA,departure,6,0,0,0,0.0,0.0,0.0,0.0,0.0
OGG_EVT_006,High Surf,AS,arrival,16,0,0,0,0.0,0.0,0.0,0.0,0.0
OGG_EVT_006,High Surf,AS,departure,15,0,0,0,0.9333333333333333,0.0,0.0,0.0,0.0
OGG_EVT_006,High Surf,DL,arrival,2,0,0,0,0.0,0.0,0.0,0.0,0.0
OGG_EVT_006,High Surf,DL,departure,2,0,0,0,0.0,0.0,0.0,0.0,0.0
OGG_EVT_006,High Surf,HA,arrival,72,1,0,0,1.0833333333333333,0.0,0.013888888888888888,0.0,0.0
OGG_EVT_006,High Surf,HA,departure,70,1,0,0,1.2714285714285714,0.0,0.014285714285714285,0.0,0.0
OGG_EVT_006,High Surf,UA,arrival,6,0,0,0,0.0,0.0,0.0,0.0,0.0
OGG_EVT_006,High Surf,UA,departure,6,1,0,0,2.6666666666666665,0.0,0.16666666666666666,0.0,0.0
OGG_EVT_006,High Surf,WN,arrival,11,1,0,0,5.0,0.0,0.09090909090909091,0.0,0.0
OGG_EVT_006,High Surf,WN,departure,12,0,0,0,0.4166666666666667,0.0,0.0,0.0,0.0
OGG_EVT_007,Flash Flood | Heavy Rain | High Surf,AA,arrival,31,5,0,1,16.741935483870968,0.0,0.16129032258064516,0.0,0.03225806451612903
OGG_EVT_007,Flash Flood | Heavy Rain | High Surf,AA,departure,30,5,0,1,63.9,0.0,0.16666666666666666,0.0,0.03333333333333333
OGG_EVT_007,Flash Flood | Heavy Rain | High Surf,AS,arrival,57,4,0,0,3.210526315789474,0.0,0.07017543859649122,0.0,0.0
OGG_EVT_007,Flash Flood | Heavy Rain | High Surf,AS,departure,57,8,0,0,6.350877192982456,0.0,0.14035087719298245,0.0,0.0
OGG_EVT_007,Flash Flood | Heavy Rain | High Surf,DL,arrival,16,0,0,0,0.0,0.0,0.0,0.0,0.0
OGG_EVT_007,Flash Flood | Heavy Rain | High Surf,DL,departure,16,0,0,0,2.25,0.0,0.0,0.0,0.0
OGG_EVT_007,Flash Flood | Heavy Rain | High Surf,HA,arrival,248,22,0,1,3.9556451612903225,0.0,0.08870967741935484,0.0,0.004032258064516129
OGG_EVT_007,Flash Flood | Heavy Rain | High Surf,HA,departure,245,38,1,3,8.689795918367347,0.0,0.15510204081632653,0.004081632653061225,0.012244897959183673
OGG_EVT_007,Flash Flood | Heavy Rain | High Surf,UA,arrival,43,6,0,1,10.0,0.0,0.13953488372093023,0.0,0.023255813953488372
OGG_EVT_007,Flash Flood | Heavy Rain | High Surf,UA,departure,42,11,0,1,17.452380952380953,0.0,0.2619047619047619,0.0,0.023809523809523808
OGG_EVT_007,Flash Flood | Heavy Rain | High Surf,WN,arrival,44,0,0,0,0.9090909090909091,0.0,0.0,0.0,0.0
OGG_EVT_007,Flash Flood | Heavy Rain | High Surf,WN,departure,45,1,0,0,2.2,0.0,0.022222222222222223,0.0,0.0
OGG_EVT_008,Heavy Rain,AA,arrival,3,0,0,0,0.0,0.0,0.0,0.0,0.0
OGG_EVT_008,Heavy Rain,AA,departure,2,0,0,0,4.5,4.5,0.0,0.0,0.0
OGG_EVT_008,Heavy Rain,AS,arrival,3,1,0,0,17.333333333333332,0.0,0.3333333333333333,0.0,0.0
OGG_EVT_008,Heavy Rain,AS,departure,3,1,0,0,12.333333333333334,0.0,0.3333333333333333,0.0,0.0
OGG_EVT_008,Heavy Rain,DL,arrival,3,0,0,0,0.0,0.0,0.0,0.0,0.0
OGG_EVT_008,Heavy Rain,DL,departure,2,0,0,0,0.0,0.0,0.0,0.0,0.0
OGG_EVT_008,Heavy Rain,HA,arrival,10,1,0,0,6.2,0.0,0.1,0.0,0.0
OGG_EVT_008,Heavy Rain,HA,departure,12,1,0,0,4.333333333333333,0.0,0.08333333333333333,0.0,0.0
OGG_EVT_008,Heavy Rain,UA,arrival,4,0,0,0,2.25,0.0,0.0,0.0,0.0
OGG_EVT_008,Heavy Rain,UA,departure,3,0,0,0,0.0,0.0,0.0,0.0,0.0
OGG_EVT_008,Heavy Rain,WN,arrival,5,0,0,0,0.0,0.0,0.0,0.0,0.0
OGG_EVT_008,Heavy Rain,WN,departure,4,0,0,0,1.25,0.0,0.0,0.0,0.0
OGG_EVT_009,High Surf,AA,arrival,14,0,0,0,0.0,0.0,0.0,0.0,0.0
OGG_EVT_009,High Surf,AA,departure,11,2,0,0,4.7272727272727275,0.0,0.18181818181818182,0.0,0.0
OGG_EVT_009,High Surf,AS,arrival,20,0,0,0,0.95,0.0,0.0,0.0,0.0
OGG_EVT_009,High Surf,AS,departure,19,1,0,0,2.736842105263158,0.0,0.05263157894736842,0.0,0.0
OGG_EVT_009,High Surf,DL,arrival,8,0,0,0,0.75,0.0,0.0,0.0,0.0
OGG_EVT_009,High Surf,DL,departure,5,2,0,0,9.6,12.0,0.4,0.0,0.0
OGG_EVT_009,High Surf,HA,arrival,79,5,0,1,4.987341772151899,0.0,0.06329113924050633,0.0,0.012658227848101266
OGG_EVT_009,High Surf,HA,departure,79,9,0,0,7.632911392405063,0.0,0.11392405063291139,0.0,0.0
OGG_EVT_009,High Surf,UA,arrival,18,1,0,0,2.2777777777777777,0.0,0.05555555555555555,0.0,0.0
OGG_EVT_009,High Surf,UA,departure,18,4,0,0,4.888888888888889,0.0,0.2222222222222222,0.0,0.0
OGG_EVT_009,High Surf,WN,arrival,18,0,0,0,0.3888888888888889,0.0,0.0,0.0,0.0
OGG_EVT_009,High Surf,WN,departure,18,1,0,0,5.611111111111111,0.0,0.05555555555555555,0.0,0.0
OGG_EVT_010,Heavy Rain | High Surf,AA,arrival,21,3,0,1,20.0,0.0,0.14285714285714285,0.0,0.047619047619047616
OGG_EVT_010,Heavy Rain | High Surf,AA,departure,17,4,0,0,8.235294117647058,0.0,0.23529411764705882,0.0,0.0
OGG_EVT_010,Heavy Rain | High Surf,AS,arrival,30,4,0,1,12.5,0.0,0.13333333333333333,0.0,0.03333333333333333
OGG_EVT_010,Heavy Rain | High Surf,AS,departure,29,8,0,2,20.93103448275862,0.0,0.27586206896551724,0.0,0.06896551724137931
OGG_EVT_010,Heavy Rain | High Surf,DL,arrival,12,1,0,0,4.25,0.0,0.08333333333333333,0.0,0.0
OGG_EVT_010,Heavy Rain | High Surf,DL,departure,9,2,0,0,8.0,0.0,0.2222222222222222,0.0,0.0
OGG_EVT_010,Heavy Rain | High Surf,HA,arrival,127,16,0,2,7.267716535433071,0.0,0.12598425196850394,0.0,0.015748031496062992
OGG_EVT_010,Heavy Rain | High Surf,HA,departure,127,17,0,2,8.291338582677165,0.0,0.13385826771653545,0.0,0.015748031496062992
OGG_EVT_010,Heavy Rain | High Surf,UA,arrival,26,6,0,0,6.461538461538462,0.0,0.23076923076923078,0.0,0.0
OGG_EVT_010,Heavy Rain | High Surf,UA,departure,25,2,0,0,3.36,0.0,0.08,0.0,0.0
OGG_EVT_010,Heavy Rain | High Surf,WN,arrival,27,3,0,0,4.518518518518518,0.0,0.1111111111111111,0.0,0.0
OGG_EVT_010,Heavy Rain | High Surf,WN,departure,27,1,0,0,2.5925925925925926,0.0,0.037037037037037035,0.0,0.0
OGG_EVT_011,Heavy Rain,AA,arrival,5,1,0,1,36.2,0.0,0.2,0.0,0.2
OGG_EVT_011,Heavy Rain,AA,departure,4,0,0,0,0.0,0.0,0.0,0.0,0.0
OGG_EVT_011,Heavy Rain,AS,arrival,7,1,0,0,7.0,0.0,0.14285714285714285,0.0,0.0
OGG_EVT_011,Heavy Rain,AS,departure,8,2,1,2,40.142857142857146,3.0,0.25,0.125,0.25
OGG_EVT_011,Heavy Rain,DL,arrival,3,0,0,0,0.0,0.0,0.0,0.0,0.0
OGG_EVT_011,Heavy Rain,DL,departure,4,0,0,0,1.0,0.0,0.0,0.0,0.0
OGG_EVT_011,Heavy Rain,HA,arrival,25,2,1,1,6.458333333333333,0.0,0.08,0.04,0.04
OGG_EVT_011,Heavy Rain,HA,departure,30,3,0,0,4.766666666666667,0.0,0.1,0.0,0.0
OGG_EVT_011,Heavy Rain,UA,arrival,7,2,0,0,17.714285714285715,0.0,0.2857142857142857,0.0,0.0
OGG_EVT_011,Heavy Rain,UA,departure,8,1,1,1,5.428571428571429,0.0,0.125,0.125,0.125
OGG_EVT_011,Heavy Rain,WN,arrival,7,0,0,0,0.8571428571428571,0.0,0.0,0.0,0.0
OGG_EVT_011,Heavy Rain,WN,departure,6,1,0,0,5.166666666666667,0.0,0.16666666666666666,0.0,0.0
OGG_EVT_012,Heavy Rain,AA,arrival,3,1,0,0,5.666666666666667,1.0,0.3333333333333333,0.0,0.0
OGG_EVT_012,Heavy Rain,AA,departure,2,0,0,0,0.0,0.0,0.0,0.0,0.0
OGG_EVT_012,Heavy Rain,AS,arrival,3,2,0,0,37.666666666666664,55.0,0.6666666666666666,0.0,0.0
OGG_EVT_012,Heavy Rain,AS,departure,5,5,0,0,45.2,41.0,1.0,0.0,0.0
OGG_EVT_012,Heavy Rain,DL,arrival,2,1,0,0,9.5,9.5,0.5,0.0,0.0
OGG_EVT_012,Heavy Rain,HA,arrival,15,12,1,5,86.14285714285714,91.5,0.8,0.06666666666666667,0.3333333333333333
OGG_EVT_012,Heavy Rain,HA,departure,18,14,2,10,113.875,127.5,0.7777777777777778,0.1111111111111111,0.5555555555555556
OGG_EVT_012,Heavy Rain,UA,arrival,3,0,0,0,0.0,0.0,0.0,0.0,0.0
OGG_EVT_012,Heavy Rain,UA,departure,2,0,0,0,7.0,7.0,0.0,0.0,0.0
OGG_EVT_012,Heavy Rain,WN,arrival,4,3,0,0,36.25,46.0,0.75,0.0,0.0
OGG_EVT_012,Heavy Rain,WN,departure,4,3,0,0,30.5,28.5,0.75,0.0,0.0
OGG_EVT_013,High Surf,AA,arrival,30,2,24,24,12.666666666666666,10.5,0.06666666666666667,0.8,0.8
OGG_EVT_013,High Surf,AA,departure,27,0,21,21,0.0,0.0,0.0,0.7777777777777778,0.7777777777777778
OGG_EVT_013,High Surf,AS,arrival,52,2,26,26,1.8076923076923077,0.0,0.038461538461538464,0.5,0.5
OGG_EVT_013,High Surf,AS,departure,52,2,28,29,13.375,0.0,0.038461538461538464,0.5384615384615384,0.5576923076923077
OGG_EVT_013,High Surf,DL,arrival,16,1,4,4,3.5833333333333335,0.0,0.0625,0.25,0.25
OGG_EVT_013,High Surf,DL,departure,15,1,4,4,2.272727272727273,0.0,0.06666666666666667,0.26666666666666666,0.26666666666666666
OGG_EVT_013,High Surf,HA,arrival,196,0,50,50,0.4166666666666667,0.0,0.0,0.25510204081632654,0.25510204081632654
OGG_EVT_013,High Surf,HA,departure,195,1,56,56,0.43884892086330934,0.0,0.005128205128205128,0.28717948717948716,0.28717948717948716
OGG_EVT_013,High Surf,UA,arrival,31,3,22,23,23.555555555555557,0.0,0.0967741935483871,0.7096774193548387,0.7419354838709677
OGG_EVT_013,High Surf,UA,departure,31,2,22,22,15.222222222222221,0.0,0.06451612903225806,0.7096774193548387,0.7096774193548387
OGG_EVT_013,High Surf,WN,arrival,43,0,12,12,0.0,0.0,0.0,0.27906976744186046,0.27906976744186046
OGG_EVT_013,High Surf,WN,departure,45,2,11,11,1.911764705882353,0.0,0.044444444444444446,0.24444444444444444,0.24444444444444444
OGG_EVT_014,Heavy Rain,AA,arrival,1,0,1,1,,,0.0,1.0,1.0
OGG_EVT_014,Heavy Rain,AS,arrival,2,0,0,0,0.0,0.0,0.0,0.0,0.0
OGG_EVT_014,Heavy Rain,AS,departure,2,1,0,0,8.0,8.0,0.5,0.0,0.0
OGG_EVT_014,Heavy Rain,DL,arrival,1,0,1,1,,,0.0,1.0,1.0
OGG_EVT_014,Heavy Rain,HA,arrival,9,0,7,7,0.0,0.0,0.0,0.7777777777777778,0.7777777777777778
OGG_EVT_014,Heavy Rain,HA,departure,5,0,5,5,,,0.0,1.0,1.0
OGG_EVT_014,Heavy Rain,UA,arrival,2,0,1,1,0.0,0.0,0.0,0.5,0.5
OGG_EVT_014,Heavy Rain,UA,departure,1,0,1,1,,,0.0,1.0,1.0
OGG_EVT_014,Heavy Rain,WN,arrival,1,0,1,1,,,0.0,1.0,1.0
OGG_EVT_014,Heavy Rain,WN,departure,1,0,0,0,0.0,0.0,0.0,0.0,0.0
OGG_EVT_015,Heavy Rain,AA,arrival,1,0,1,1,,,0.0,1.0,1.0
OGG_EVT_015,Heavy Rain,AA,departure,5,0,5,5,,,0.0,1.0,1.0
OGG_EVT_015,Heavy Rain,DL,departure,1,0,0,0,0.0,0.0,0.0,0.0,0.0
OGG_EVT_015,Heavy Rain,HA,arrival,1,0,1,1,,,0.0,1.0,1.0
OGG_EVT_015,Heavy Rain,HA,departure,3,0,2,2,0.0,0.0,0.0,0.6666666666666666,0.6666666666666666
OGG_EVT_015,Heavy Rain,UA,departure,1,0,1,1,,,0.0,1.0,1.0
OGG_EVT_015,Heavy Rain,WN,arrival,2,0,1,1,0.0,0.0,0.0,0.5,0.5
OGG_EVT_016,Heavy Rain,AA,arrival,1,0,1,1,,,0.0,1.0,1.0
OGG_EVT_016,Heavy Rain,AA,departure,4,0,4,4,,,0.0,1.0,1.0
OGG_EVT_016,Heavy Rain,DL,arrival,1,0,0,0,6.0,6.0,0.0,0.0,0.0
OGG_EVT_016,Heavy Rain,DL,departure,1,0,0,0,0.0,0.0,0.0,0.0,0.0
OGG_EVT_016,Heavy Rain,HA,arrival,12,0,9,9,0.0,0.0,0.0,0.75,0.75
OGG_EVT_016,Heavy Rain,HA,departure,12,0,9,9,0.0,0.0,0.0,0.75,0.75
OGG_EVT_016,Heavy Rain,UA,arrival,1,0,0,0,0.0,0.0,0.0,0.0,0.0
OGG_EVT_016,Heavy Rain,UA,departure,1,0,0,0,0.0,0.0,0.0,0.0,0.0
OGG_EVT_016,Heavy Rain,WN,arrival,3,0,2,2,0.0,0.0,0.0,0.6666666666666666,0.6666666666666666
OGG_EVT_016,Heavy Rain,WN,departure,5,0,4,4,0.0,0.0,0.0,0.8,0.8
OGG_EVT_017,Flash Flood | Heavy Rain,DL,arrival,1,0,0,0,0.0,0.0,0.0,0.0,0.0
OGG_EVT_017,Flash Flood | Heavy Rain,HA,arrival,3,0,2,2,0.0,0.0,0.0,0.6666666666666666,0.6666666666666666
OGG_EVT_017,Flash Flood | Heavy Rain,HA,departure,4,0,3,3,0.0,0.0,0.0,0.75,0.75
OGG_EVT_017,Flash Flood | Heavy Rain,WN,arrival,3,0,2,2,0.0,0.0,0.0,0.6666666666666666,0.6666666666666666
OGG_EVT_017,Flash Flood | Heavy Rain,WN,departure,2,0,1,1,0.0,0.0,0.0,0.5,0.5
OGG_EVT_018,Heavy Rain,DL,arrival,1,1,0,0,15.0,15.0,1.0,0.0,0.0
OGG_EVT_018,Heavy Rain,DL,departure,1,0,0,0,0.0,0.0,0.0,0.0,0.0
OGG_EVT_018,Heavy Rain,HA,arrival,1,0,0,0,0.0,0.0,0.0,0.0,0.0
OGG_EVT_018,Heavy Rain,HA,departure,1,0,0,0,0.0,0.0,0.0,0.0,0.0
OGG_EVT_018,Heavy Rain,WN,arrival,2,0,1,1,0.0,0.0,0.0,0.5,0.5
OGG_EVT_019,Heavy Rain,DL,arrival,2,0,0,0,0.0,0.0,0.0,0.0,0.0
OGG_EVT_019,Heavy Rain,DL,departure,1,0,0,0,0.0,0.0,0.0,0.0,0.0
OGG_EVT_019,Heavy Rain,HA,arrival,6,0,0,0,0.0,0.0,0.0,0.0,0.0
OGG_EVT_019,Heavy Rain,HA,departure,6,0,0,0,0.0,0.0,0.0,0.0,0.0
OGG_EVT_019,Heavy Rain,WN,arrival,11,0,6,6,0.0,0.0,0.0,0.5454545454545454,0.5454545454545454
OGG_EVT_019,Heavy Rain,WN,departure,9,0,5,5,0.0,0.0,0.0,0.5555555555555556,0.5555555555555556
OGG_EVT_020,High Surf,DL,arrival,1,0,0,0,0.0,0.0,0.0,0.0,0.0
OGG_EVT_020,High Surf,DL,departure,1,0,0,0,0.0,0.0,0.0,0.0,0.0
OGG_EVT_020,High Surf,HA,arrival,4,0,0,0,0.0,0.0,0.0,0.0,0.0
OGG_EVT_020,High Surf,HA,departure,4,0,0,0,0.0,0.0,0.0,0.0,0.0
OGG_EVT_020,High Surf,WN,arrival,3,0,0,0,0.0,0.0,0.0,0.0,0.0
OGG_EVT_020,High Surf,WN,departure,3,0,0,0,0.0,0.0,0.0,0.0,0.0
OGG_EVT_021,High Surf,DL,arrival,2,0,0,0,4.5,4.5,0.0,0.0,0.0
OGG_EVT_021,High Surf,DL,departure,2,0,0,0,4.0,4.0,0.0,0.0,0.0
OGG_EVT_021,High Surf,HA,arrival,6,0,0,0,0.0,0.0,0.0,0.0,0.0
OGG_EVT_021,High Surf,HA,departure,6,0,0,0,0.0,0.0,0.0,0.0,0.0
OGG_EVT_021,High Surf,WN,arrival,4,0,0,0,0.0,0.0,0.0,0.0,0.0
OGG_EVT_021,High Surf,WN,departure,4,0,0,0,0.0,0.0,0.0,0.0,0.0
OGG_EVT_022,High Surf,DL,arrival,1,0,0,0,2.0,2.0,0.0,0.0,0.0
OGG_EVT_022,High Surf,DL,departure,1,0,0,0,0.0,0.0,0.0,0.0,0.0
OGG_EVT_022,High Surf,HA,arrival,11,0,0,0,0.0,0.0,0.0,0.0,0.0
OGG_EVT_022,High Surf,HA,departure,11,0,0,0,0.0,0.0,0.0,0.0,0.0
OGG_EVT_022,High Surf,WN,arrival,9,0,0,0,0.0,0.0,0.0,0.0,0.0
OGG_EVT_022,High Surf,WN,departure,9,0,0,0,0.0,0.0,0.0,0.0,0.0
OGG_EVT_023,Heavy Rain,WN,departure,1,0,0,0,8.0,8.0,0.0,0.0,0.0
OGG_EVT_024,Heavy Rain,WN,departure,1,0,0,0,2.0,2.0,0.0,0.0,0.0
OGG_EVT_025,High Surf,DL,departure,1,0,0,0,0.0,0.0,0.0,0.0,0.0
OGG_EVT_025,High Surf,HA,arrival,4,0,0,0,0.0,0.0,0.0,0.0,0.0
OGG_EVT_025,High Surf,HA,departure,4,0,0,0,0.0,0.0,0.0,0.0,0.0
OGG_EVT_025,High Surf,WN,arrival,4,1,0,0,5.25,0.0,0.25,0.0,0.0
OGG_EVT_025,High Surf,WN,departure,3,0,0,0,0.0,0.0,0.0,0.0,0.0
OGG_EVT_026,High Surf,DL,arrival,1,0,0,0,9.0,9.0,0.0,0.0,0.0
OGG_EVT_026,High Surf,DL,departure,1,0,0,0,0.0,0.0,0.0,0.0,0.0
OGG_EVT_026,High Surf,HA,arrival,5,0,0,0,1.8,0.0,0.0,0.0,0.0
OGG_EVT_026,High Surf,HA,departure,5,2,0,0,10.2,0.0,0.4,0.0,0.0
OGG_EVT_026,High Surf,WN,arrival,3,0,0,0,0.0,0.0,0.0,0.0,0.0
OGG_EVT_026,High Surf,WN,departure,3,0,0,0,0.0,0.0,0.0,0.0,0.0
OGG_EVT_027,High Surf,AA,arrival,2,1,1,2,157.0,157.0,0.5,0.5,1.0
OGG_EVT_027,High Surf,AA,departure,1,0,1,1,,,0.0,1.0,1.0
OGG_EVT_027,High Surf,DL,arrival,3,0,0,0,0.0,0.0,0.0,0.0,0.0
OGG_EVT_027,High Surf,DL,departure,2,0,0,0,0.0,0.0,0.0,0.0,0.0
OGG_EVT_027,High Surf,HA,arrival,14,1,0,0,4.428571428571429,2.0,0.07142857142857142,0.0,0.0
OGG_EVT_027,High Surf,HA,departure,14,1,0,0,7.0,3.0,0.07142857142857142,0.0,0.0
OGG_EVT_027,High Surf,WN,arrival,8,0,0,0,0.0,0.0,0.0,0.0,0.0
OGG_EVT_027,High Surf,WN,departure,8,0,0,0,0.0,0.0,0.0,0.0,0.0
OGG_EVT_028,High Surf,AA,arrival,2,1,0,0,12.0,12.0,0.5,0.0,0.0
OGG_EVT_028,High Surf,AA,departure,1,0,0,0,0.0,0.0,0.0,0.0,0.0
OGG_EVT_028,High Surf,DL,arrival,2,0,0,0,2.0,2.0,0.0,0.0,0.0
OGG_EVT_028,High Surf,DL,departure,1,0,0,0,0.0,0.0,0.0,0.0,0.0
OGG_EVT_028,High Surf,HA,arrival,18,1,0,0,2.5555555555555554,0.0,0.05555555555555555,0.0,0.0
OGG_EVT_028,High Surf,HA,departure,18,0,0,0,0.3333333333333333,0.0,0.0,0.0,0.0
OGG_EVT_028,High Surf,WN,arrival,10,1,0,0,1.9,0.0,0.1,0.0,0.0
OGG_EVT_028,High Surf,WN,departure,10,1,0,0,6.0,0.0,0.1,0.0,0.0
OGG_EVT_029,Debris Flow | Drought | Flash Flood | Heavy Rain | High Surf | Wildfire,AA,arrival,655,86,10,22,11.338509316770187,0.0,0.13129770992366413,0.015267175572519083,0.03358778625954199
OGG_EVT_029,Debris Flow | Drought | Flash Flood | Heavy Rain | High Surf | Wildfire,AA,departure,652,49,13,24,17.561815336463223,0.0,0.07515337423312883,0.019938650306748466,0.03680981595092025
OGG_EVT_029,Debris Flow | Drought | Flash Flood | Heavy Rain | High Surf | Wildfire,AS,arrival,1064,122,2,10,6.0339943342776206,0.0,0.11466165413533834,0.0018796992481203006,0.009398496240601503
OGG_EVT_029,Debris Flow | Drought | Flash Flood | Heavy Rain | High Surf | Wildfire,AS,departure,1063,94,4,18,6.087818696883852,0.0,0.08842897460018814,0.0037629350893697085,0.016933207902163686
OGG_EVT_029,Debris Flow | Drought | Flash Flood | Heavy Rain | High Surf | Wildfire,DL,arrival,489,96,1,17,18.872689938398356,0.0,0.19631901840490798,0.002044989775051125,0.034764826175869123
OGG_EVT_029,Debris Flow | Drought | Flash Flood | Heavy Rain | High Surf | Wildfire,DL,departure,487,44,4,20,20.56728778467909,0.0,0.09034907597535935,0.008213552361396304,0.04106776180698152
OGG_EVT_029,Debris Flow | Drought | Flash Flood | Heavy Rain | High Surf | Wildfire,HA,arrival,3690,171,241,249,3.173244341265235,0.0,0.046341463414634146,0.06531165311653117,0.06747967479674796
OGG_EVT_029,Debris Flow | Drought | Flash Flood | Heavy Rain | High Surf | Wildfire,HA,departure,3690,162,244,247,2.2961995938497246,0.0,0.04390243902439024,0.06612466124661247,0.06693766937669376
OGG_EVT_029,Debris Flow | Drought | Flash Flood | Heavy Rain | High Surf | Wildfire,UA,arrival,933,93,6,20,7.178764897074756,0.0,0.09967845659163987,0.006430868167202572,0.021436227224008574
OGG_EVT_029,Debris Flow | Drought | Flash Flood | Heavy Rain | High Surf | Wildfire,UA,departure,931,87,20,34,7.798024149286499,0.0,0.09344790547798067,0.021482277121374866,0.036519871106337275
OGG_EVT_029,Debris Flow | Drought | Flash Flood | Heavy Rain | High Surf | Wildfire,WN,arrival,1945,99,56,58,2.5082140964493904,0.0,0.05089974293059126,0.02879177377892031,0.02982005141388175
OGG_EVT_029,Debris Flow | Drought | Flash Flood | Heavy Rain | High Surf | Wildfire,WN,departure,1944,90,54,58,2.53015873015873,0.0,0.046296296296296294,0.027777777777777776,0.029835390946502057
OGG_EVT_030,High Surf,AA,arrival,18,2,0,0,10.666666666666666,3.0,0.1111111111111111,0.0,0.0
OGG_EVT_030,High Surf,AA,departure,16,1,0,0,1.75,0.0,0.0625,0.0,0.0
OGG_EVT_030,High Surf,AS,arrival,27,4,0,0,5.222222222222222,0.0,0.14814814814814814,0.0,0.0
OGG_EVT_030,High Surf,AS,departure,27,3,0,0,4.148148148148148,0.0,0.1111111111111111,0.0,0.0
OGG_EVT_030,High Surf,DL,arrival,6,0,0,0,0.0,0.0,0.0,0.0,0.0
OGG_EVT_030,High Surf,DL,departure,6,0,0,0,0.0,0.0,0.0,0.0,0.0
OGG_EVT_030,High Surf,HA,arrival,60,10,0,1,7.516666666666667,0.0,0.16666666666666666,0.0,0.016666666666666666
OGG_EVT_030,High Surf,HA,departure,61,17,0,1,12.836065573770492,6.0,0.2786885245901639,0.0,0.01639344262295082
OGG_EVT_030,High Surf,UA,arrival,14,0,0,0,1.1428571428571428,0.0,0.0,0.0,0.0
OGG_EVT_030,High Surf,UA,departure,13,2,0,0,7.538461538461538,0.0,0.15384615384615385,0.0,0.0
OGG_EVT_030,High Surf,WN,arrival,32,3,2,3,10.5,0.0,0.09375,0.0625,0.09375
OGG_EVT_030,High Surf,WN,departure,33,6,2,2,12.806451612903226,0.0,0.18181818181818182,0.06060606060606061,0.06060606060606061
OGG_EVT_031,Heavy Rain,AA,arrival,51,13,0,1,12.529411764705882,0.0,0.2549019607843137,0.0,0.0196078431372549
OGG_EVT_031,Heavy Rain,AA,departure,50,7,0,0,6.3,0.0,0.14,0.0,0.0
OGG_EVT_031,Heavy Rain,AS,arrival,71,12,0,0,7.394366197183099,0.0,0.16901408450704225,0.0,0.0
OGG_EVT_031,Heavy Rain,AS,departure,72,11,0,0,7.013888888888889,0.0,0.1527777777777778,0.0,0.0
OGG_EVT_031,Heavy Rain,DL,arrival,25,0,0,0,0.4,0.0,0.0,0.0,0.0
OGG_EVT_031,Heavy Rain,DL,departure,25,0,0,0,0.04,0.0,0.0,0.0,0.0
OGG_EVT_031,Heavy Rain,HA,arrival,177,12,1,1,3.159090909090909,0.0,0.06779661016949153,0.005649717514124294,0.005649717514124294
OGG_EVT_031,Heavy Rain,HA,departure,181,30,0,1,7.502762430939226,1.0,0.16574585635359115,0.0,0.0055248618784530384
OGG_EVT_031,Heavy Rain,UA,arrival,45,4,0,2,14.155555555555555,0.0,0.08888888888888889,0.0,0.044444444444444446
OGG_EVT_031,Heavy Rain,UA,departure,45,7,0,1,9.244444444444444,0.0,0.15555555555555556,0.0,0.022222222222222223
OGG_EVT_031,Heavy Rain,WN,arrival,85,10,1,2,7.321428571428571,0.0,0.11764705882352941,0.011764705882352941,0.023529411764705882
OGG_EVT_031,Heavy Rain,WN,departure,86,9,1,1,6.317647058823529,0.0,0.10465116279069768,0.011627906976744186,0.011627906976744186
OGG_EVT_032,Heavy Rain,AA,departure,2,0,0,0,0.0,0.0,0.0,0.0,0.0
OGG_EVT_032,Heavy Rain,AS,arrival,2,0,0,0,0.0,0.0,0.0,0.0,0.0
OGG_EVT_032,Heavy Rain,AS,departure,1,0,0,0,0.0,0.0,0.0,0.0,0.0
OGG_EVT_032,Heavy Rain,DL,departure,2,0,0,0,2.5,2.5,0.0,0.0,0.0
OGG_EVT_032,Heavy Rain,HA,arrival,1,0,0,0,0.0,0.0,0.0,0.0,0.0
OGG_EVT_032,Heavy Rain,HA,departure,1,0,0,0,0.0,0.0,0.0,0.0,0.0
OGG_EVT_032,Heavy Rain,UA,arrival,1,0,0,0,0.0,0.0,0.0,0.0,0.0
OGG_EVT_032,Heavy Rain,UA,departure,1,0,0,0,0.0,0.0,0.0,0.0,0.0
OGG_EVT_032,Heavy Rain,WN,arrival,1,1,0,0,30.0,30.0,1.0,0.0,0.0
OGG_EVT_033,Heavy Rain,HA,arrival,2,0,0,0,0.0,0.0,0.0,0.0,0.0
OGG_EVT_033,Heavy Rain,HA,departure,2,0,0,0,0.0,0.0,0.0,0.0,0.0
OGG_EVT_033,Heavy Rain,WN,arrival,1,0,0,0,0.0,0.0,0.0,0.0,0.0
OGG_EVT_033,Heavy Rain,WN,departure,1,0,0,0,0.0,0.0,0.0,0.0,0.0
OGG_EVT_034,Drought | Flash Flood | Heavy Rain | High Surf | High Wind | Winter Storm,AA,arrival,1213,252,2,22,12.88595041322314,0.0,0.20774938169826876,0.0016488046166529267,0.018136850783182192
OGG_EVT_034,Drought | Flash Flood | Heavy Rain | High Surf | High Wind | Winter Storm,AA,departure,1209,149,6,19,11.866999168744805,0.0,0.12324234904880066,0.004962779156327543,0.015715467328370553
OGG_EVT_034,Drought | Flash Flood | Heavy Rain | High Surf | High Wind | Winter Storm,AS,arrival,1953,358,17,40,10.710444674250258,0.0,0.18330773169482847,0.008704557091653867,0.02048131080389145
OGG_EVT_034,Drought | Flash Flood | Heavy Rain | High Surf | High Wind | Winter Storm,AS,departure,1953,349,23,51,11.282608695652174,0.0,0.1786994367639529,0.011776753712237584,0.026113671274961597
OGG_EVT_034,Drought | Flash Flood | Heavy Rain | High Surf | High Wind | Winter Storm,DL,arrival,668,141,5,23,17.778280542986426,0.0,0.21107784431137724,0.0074850299401197605,0.0344311377245509
OGG_EVT_034,Drought | Flash Flood | Heavy Rain | High Surf | High Wind | Winter Storm,DL,departure,666,110,6,27,22.10909090909091,0.0,0.16516516516516516,0.009009009009009009,0.04054054054054054
OGG_EVT_034,Drought | Flash Flood | Heavy Rain | High Surf | High Wind | Winter Storm,HA,arrival,7877,863,44,78,6.013663644489848,0.0,0.10955947695823283,0.005585882950361813,0.009902247048368668
OGG_EVT_034,Drought | Flash Flood | Heavy Rain | High Surf | High Wind | Winter Storm,HA,departure,7878,1168,44,84,7.082067645181876,0.0,0.14826097994414827,0.005585173902005585,0.010662604722010662
OGG_EVT_034,Drought | Flash Flood | Heavy Rain | High Surf | High Wind | Winter Storm,UA,arrival,2153,567,28,71,15.80604058518169,2.0,0.2633534602879703,0.013005109150023224,0.03297724105898746
OGG_EVT_034,Drought | Flash Flood | Heavy Rain | High Surf | High Wind | Winter Storm,UA,departure,2150,329,39,85,12.76715570279224,0.0,0.15302325581395348,0.01813953488372093,0.03953488372093023
OGG_EVT_034,Drought | Flash Flood | Heavy Rain | High Surf | High Wind | Winter Storm,WN,arrival,3993,916,50,120,12.618140243902438,0.0,0.2294014525419484,0.01252191334835963,0.03005259203606311
OGG_EVT_034,Drought | Flash Flood | Heavy Rain | High Surf | High Wind | Winter Storm,WN,departure,3994,717,54,101,9.86497461928934,0.0,0.17951927891837757,0.013520280420630946,0.02528793189784677
OGG_EVT_035,Heavy Rain,AA,arrival,7,1,0,0,5.142857142857143,0.0,0.14285714285714285,0.0,0.0
OGG_EVT_035,Heavy Rain,AA,departure,7,1,0,0,4.285714285714286,0.0,0.14285714285714285,0.0,0.0
OGG_EVT_035,Heavy Rain,AS,arrival,9,3,0,1,40.55555555555556,0.0,0.3333333333333333,0.0,0.1111111111111111
OGG_EVT_035,Heavy Rain,AS,departure,9,5,1,2,58.125,19.0,0.5555555555555556,0.1111111111111111,0.2222222222222222
OGG_EVT_035,Heavy Rain,DL,arrival,4,2,0,1,50.0,11.0,0.5,0.0,0.25
OGG_EVT_035,Heavy Rain,DL,departure,4,1,0,1,42.0,0.0,0.25,0.0,0.25
OGG_EVT_035,Heavy Rain,HA,arrival,39,19,3,9,53.47222222222222,19.5,0.48717948717948717,0.07692307692307693,0.23076923076923078
OGG_EVT_035,Heavy Rain,HA,departure,39,22,3,9,61.97222222222222,43.0,0.5641025641025641,0.07692307692307693,0.23076923076923078
OGG_EVT_035,Heavy Rain,UA,arrival,12,6,0,0,26.0,12.5,0.5,0.0,0.0
OGG_EVT_035,Heavy Rain,UA,departure,12,4,0,0,17.833333333333332,5.0,0.3333333333333333,0.0,0.0
OGG_EVT_035,Heavy Rain,WN,arrival,20,10,0,2,46.8,16.0,0.5,0.0,0.1
OGG_EVT_035,Heavy Rain,WN,departure,20,10,0,4,51.8,24.0,0.5,0.0,0.2
OGG_EVT_036,High Surf,AA,arrival,14,2,0,0,4.785714285714286,0.0,0.14285714285714285,0.0,0.0
OGG_EVT_036,High Surf,AA,departure,12,5,0,0,25.5,9.5,0.4166666666666667,0.0,0.0
OGG_EVT_036,High Surf,AS,arrival,24,6,0,0,11.333333333333334,0.0,0.25,0.0,0.0
OGG_EVT_036,High Surf,AS,departure,23,5,0,0,9.478260869565217,0.0,0.21739130434782608,0.0,0.0
OGG_EVT_036,High Surf,DL,arrival,12,2,0,0,12.0,0.0,0.16666666666666666,0.0,0.0
OGG_EVT_036,High Surf,DL,departure,9,2,0,1,116.77777777777777,7.0,0.2222222222222222,0.0,0.1111111111111111
OGG_EVT_036,High Surf,HA,arrival,105,13,6,8,9.434343434343434,0.0,0.12380952380952381,0.05714285714285714,0.0761904761904762
OGG_EVT_036,High Surf,HA,departure,107,22,6,7,12.108910891089108,3.0,0.205607476635514,0.056074766355140186,0.06542056074766354
OGG_EVT_036,High Surf,UA,arrival,22,3,0,1,14.909090909090908,0.0,0.13636363636363635,0.0,0.045454545454545456
OGG_EVT_036,High Surf,UA,departure,19,0,0,0,0.5263157894736842,0.0,0.0,0.0,0.0
OGG_EVT_036,High Surf,WN,arrival,47,11,1,3,20.108695652173914,6.0,0.23404255319148937,0.02127659574468085,0.06382978723404255
OGG_EVT_036,High Surf,WN,departure,45,8,1,1,6.568181818181818,0.0,0.17777777777777778,0.022222222222222223,0.022222222222222223
OGG_EVT_037,High Surf,AA,arrival,19,2,0,0,4.7368421052631575,0.0,0.10526315789473684,0.0,0.0
OGG_EVT_037,High Surf,AA,departure,17,1,0,0,2.1176470588235294,0.0,0.058823529411764705,0.0,0.0
OGG_EVT_037,High Surf,AS,arrival,33,10,0,0,15.181818181818182,3.0,0.30303030303030304,0.0,0.0
OGG_EVT_037,High Surf,AS,departure,33,9,0,0,10.272727272727273,0.0,0.2727272727272727,0.0,0.0
OGG_EVT_037,High Surf,DL,arrival,12,7,0,1,30.75,19.5,0.5833333333333334,0.0,0.08333333333333333
OGG_EVT_037,High Surf,DL,departure,9,3,0,0,18.22222222222222,0.0,0.3333333333333333,0.0,0.0
OGG_EVT_037,High Surf,HA,arrival,145,11,5,6,5.85,0.0,0.07586206896551724,0.034482758620689655,0.041379310344827586
OGG_EVT_037,High Surf,HA,departure,146,21,5,6,8.787234042553191,0.0,0.14383561643835616,0.03424657534246575,0.0410958904109589
OGG_EVT_037,High Surf,UA,arrival,27,2,1,1,2.0384615384615383,0.0,0.07407407407407407,0.037037037037037035,0.037037037037037035
OGG_EVT_037,High Surf,UA,departure,24,2,1,2,20.869565217391305,0.0,0.08333333333333333,0.041666666666666664,0.08333333333333333
OGG_EVT_037,High Surf,WN,arrival,64,9,2,2,5.532258064516129,0.0,0.140625,0.03125,0.03125
OGG_EVT_037,High Surf,WN,departure,67,10,2,3,9.923076923076923,0.0,0.14925373134328357,0.029850746268656716,0.04477611940298507
OGG_EVT_038,High Surf,AA,arrival,14,1,0,1,9.571428571428571,0.0,0.07142857142857142,0.0,0.07142857142857142
OGG_EVT_038,High Surf,AA,departure,11,0,0,0,1.6363636363636365,0.0,0.0,0.0,0.0
OGG_EVT_038,High Surf,AS,arrival,15,0,0,0,0.8666666666666667,0.0,0.0,0.0,0.0
OGG_EVT_038,High Surf,AS,departure,14,3,0,0,11.928571428571429,0.0,0.21428571428571427,0.0,0.0
OGG_EVT_038,High Surf,DL,arrival,9,0,0,0,0.375,0.0,0.0,0.0,0.0
OGG_EVT_038,High Surf,DL,departure,9,1,0,1,24.88888888888889,4.0,0.1111111111111111,0.0,0.1111111111111111
OGG_EVT_038,High Surf,HA,arrival,92,14,2,3,7.4,0.0,0.15217391304347827,0.021739130434782608,0.03260869565217391
OGG_EVT_038,High Surf,HA,departure,93,24,2,5,14.043956043956044,2.0,0.25806451612903225,0.021505376344086023,0.053763440860215055
OGG_EVT_038,High Surf,UA,arrival,23,2,0,1,8.434782608695652,0.0,0.08695652173913043,0.0,0.043478260869565216
OGG_EVT_038,High Surf,UA,departure,20,3,0,0,4.0,0.0,0.15,0.0,0.0
OGG_EVT_038,High Surf,WN,arrival,43,5,0,0,4.1395348837209305,0.0,0.11627906976744186,0.0,0.0
OGG_EVT_038,High Surf,WN,departure,43,5,1,1,3.357142857142857,0.0,0.11627906976744186,0.023255813953488372,0.023255813953488372
OGG_EVT_039,High Surf,AA,arrival,19,1,0,0,2.1578947368421053,0.0,0.05263157894736842,0.0,0.0
OGG_EVT_039,High Surf,AA,departure,17,2,0,0,7.0588235294117645,0.0,0.11764705882352941,0.0,0.0
OGG_EVT_039,High Surf,AS,arrival,21,1,0,0,1.7619047619047619,0.0,0.047619047619047616,0.0,0.0
OGG_EVT_039,High Surf,AS,departure,21,2,0,2,25.38095238095238,0.0,0.09523809523809523,0.0,0.09523809523809523
OGG_EVT_039,High Surf,DL,arrival,14,1,0,0,2.7857142857142856,0.0,0.07142857142857142,0.0,0.0
OGG_EVT_039,High Surf,DL,departure,12,4,0,0,8.916666666666666,0.0,0.3333333333333333,0.0,0.0
OGG_EVT_039,High Surf,HA,arrival,134,16,2,2,5.757575757575758,0.0,0.11940298507462686,0.014925373134328358,0.014925373134328358
OGG_EVT_039,High Surf,HA,departure,134,25,2,3,10.757575757575758,0.0,0.1865671641791045,0.014925373134328358,0.022388059701492536
OGG_EVT_039,High Surf,UA,arrival,27,5,0,2,25.444444444444443,0.0,0.18518518518518517,0.0,0.07407407407407407
OGG_EVT_039,High Surf,UA,departure,25,4,0,0,9.24,0.0,0.16,0.0,0.0
OGG_EVT_039,High Surf,WN,arrival,64,7,0,0,4.828125,0.0,0.109375,0.0,0.0
OGG_EVT_039,High Surf,WN,departure,65,6,1,2,6.734375,0.0,0.09230769230769231,0.015384615384615385,0.03076923076923077
OGG_EVT_040,High Surf,AA,arrival,4,0,0,0,0.0,0.0,0.0,0.0,0.0
OGG_EVT_040,High Surf,AA,departure,2,0,0,0,0.0,0.0,0.0,0.0,0.0
OGG_EVT_040,High Surf,AS,arrival,4,0,0,0,0.0,0.0,0.0,0.0,0.0
OGG_EVT_040,High Surf,AS,departure,4,0,0,0,0.25,0.0,0.0,0.0,0.0
OGG_EVT_040,High Surf,DL,arrival,4,0,0,0,0.0,0.0,0.0,0.0,0.0
OGG_EVT_040,High Surf,DL,departure,1,0,0,0,0.0,0.0,0.0,0.0,0.0
OGG_EVT_040,High Surf,HA,arrival,30,5,1,1,6.517241379310345,0.0,0.16666666666666666,0.03333333333333333,0.03333333333333333
OGG_EVT_040,High Surf,HA,departure,31,11,1,1,10.0,6.5,0.3548387096774194,0.03225806451612903,0.03225806451612903
OGG_EVT_040,High Surf,UA,arrival,9,0,1,1,1.75,0.0,0.0,0.1111111111111111,0.1111111111111111
OGG_EVT_040,High Surf,UA,departure,6,1,1,1,3.4,0.0,0.16666666666666666,0.16666666666666666,0.16666666666666666
OGG_EVT_040,High Surf,WN,arrival,14,1,0,0,1.7857142857142858,0.0,0.07142857142857142,0.0,0.0
OGG_EVT_040,High Surf,WN,departure,15,0,0,0,0.6666666666666666,0.0,0.0,0.0,0.0
OGG_EVT_041,High Surf,AA,arrival,5,0,0,0,1.6,0.0,0.0,0.0,0.0
OGG_EVT_041,High Surf,AA,departure,5,0,0,0,0.0,0.0,0.0,0.0,0.0
OGG_EVT_041,High Surf,AS,arrival,7,0,0,0,0.0,0.0,0.0,0.0,0.0
OGG_EVT_041,High Surf,AS,departure,6,0,0,0,0.0,0.0,0.0,0.0,0.0
OGG_EVT_041,High Surf,DL,arrival,2,0,0,0,1.5,1.5,0.0,0.0,0.0
OGG_EVT_041,High Surf,DL,departure,2,0,0,0,0.0,0.0,0.0,0.0,0.0
OGG_EVT_041,High Surf,HA,arrival,21,1,0,0,4.095238095238095,0.0,0.047619047619047616,0.0,0.0
OGG_EVT_041,High Surf,HA,departure,24,1,0,0,2.5833333333333335,0.0,0.041666666666666664,0.0,0.0
OGG_EVT_041,High Surf,UA,arrival,6,0,0,0,0.0,0.0,0.0,0.0,0.0
OGG_EVT_041,High Surf,UA,departure,5,0,0,0,0.0,0.0,0.0,0.0,0.0
OGG_EVT_041,High Surf,WN,arrival,13,0,0,0,0.07692307692307693,0.0,0.0,0.0,0.0
OGG_EVT_041,High Surf,WN,departure,11,0,0,0,0.2727272727272727,0.0,0.0,0.0,0.0
OGG_EVT_042,High Surf,AA,arrival,10,3,0,0,13.1,0.0,0.3,0.0,0.0
OGG_EVT_042,High Surf,AA,departure,10,5,0,1,87.0,10.5,0.5,0.0,0.1
OGG_EVT_042,High Surf,AS,arrival,15,1,0,0,2.7333333333333334,0.0,0.06666666666666667,0.0,0.0
OGG_EVT_042,High Surf,AS,departure,16,0,0,0,1.6875,0.0,0.0,0.0,0.0
OGG_EVT_042,High Surf,DL,arrival,9,1,0,0,4.222222222222222,0.0,0.1111111111111111,0.0,0.0
OGG_EVT_042,High Surf,DL,departure,8,0,0,0,0.0,0.0,0.0,0.0,0.0
OGG_EVT_042,High Surf,HA,arrival,79,11,0,2,14.240506329113924,0.0,0.13924050632911392,0.0,0.02531645569620253
OGG_EVT_042,High Surf,HA,departure,75,11,0,0,9.56,0.0,0.14666666666666667,0.0,0.0
OGG_EVT_042,High Surf,UA,arrival,15,0,0,0,0.0,0.0,0.0,0.0,0.0
OGG_EVT_042,High Surf,UA,departure,16,0,0,0,0.5625,0.0,0.0,0.0,0.0
OGG_EVT_042,High Surf,WN,arrival,37,2,0,1,5.054054054054054,0.0,0.05405405405405406,0.0,0.02702702702702703
OGG_EVT_042,High Surf,WN,departure,38,3,0,0,5.526315789473684,0.0,0.07894736842105263,0.0,0.0
OGG_EVT_043,Drought | Flash Flood | Heavy Rain | High Surf,AA,arrival,1467,228,1,23,9.720739219712526,0.0,0.1554192229038855,0.0006816632583503749,0.015678254942058625
OGG_EVT_043,Drought | Flash Flood | Heavy Rain | High Surf,AA,departure,1467,134,5,22,13.467532467532468,0.0,0.09134287661895024,0.0034083162917518746,0.014996591683708248
OGG_EVT_043,Drought | Flash Flood | Heavy Rain | High Surf,AS,arrival,2360,486,11,45,10.598720682302773,0.0,0.2059322033898305,0.004661016949152543,0.019067796610169493
OGG_EVT_043,Drought | Flash Flood | Heavy Rain | High Surf,AS,departure,2361,549,31,73,12.93441920274325,0.0,0.23252858958068615,0.013130029648454045,0.030919102075391783
OGG_EVT_043,Drought | Flash Flood | Heavy Rain | High Surf,DL,arrival,882,128,3,23,14.625284738041003,0.0,0.14512471655328799,0.003401360544217687,0.026077097505668934
OGG_EVT_043,Drought | Flash Flood | Heavy Rain | High Surf,DL,departure,882,118,12,35,16.248853211009173,0.0,0.13378684807256236,0.013605442176870748,0.03968253968253968
OGG_EVT_043,Drought | Flash Flood | Heavy Rain | High Surf,HA,arrival,11377,2179,59,126,9.161538461538461,1.0,0.1915267645249187,0.005185901379977147,0.011074975828425771
OGG_EVT_043,Drought | Flash Flood | Heavy Rain | High Surf,HA,departure,11375,3058,54,121,12.031087167711737,4.0,0.26883516483516484,0.004747252747252747,0.010637362637362638
OGG_EVT_043,Drought | Flash Flood | Heavy Rain | High Surf,UA,arrival,2535,375,8,42,9.02377179080824,0.0,0.14792899408284024,0.003155818540433925,0.016568047337278107
OGG_EVT_043,Drought | Flash Flood | Heavy Rain | High Surf,UA,departure,2535,342,16,49,9.238983723699882,0.0,0.1349112426035503,0.00631163708086785,0.01932938856015779
OGG_EVT_043,Drought | Flash Flood | Heavy Rain | High Surf,WN,arrival,5726,1219,29,99,10.872781584958707,0.0,0.2128885784142508,0.005064617534055187,0.01728955640936081
OGG_EVT_043,Drought | Flash Flood | Heavy Rain | High Surf,WN,departure,5726,1033,29,92,9.81028431028431,0.0,0.1804051694027244,0.005064617534055187,0.01606706252183025
OGG_EVT_044,Drought | Flash Flood | High Surf,AA,arrival,180,54,1,5,19.835227272727273,0.0,0.3,0.005555555555555556,0.027777777777777776
OGG_EVT_044,Drought | Flash Flood | High Surf,AA,departure,180,35,1,9,44.05027932960894,0.0,0.19444444444444445,0.005555555555555556,0.05
OGG_EVT_044,Drought | Flash Flood | High Surf,AS,arrival,248,118,16,40,41.8235294117647,18.0,0.47580645161290325,0.06451612903225806,0.16129032258064516
OGG_EVT_044,Drought | Flash Flood | High Surf,AS,departure,249,133,17,60,54.69396551724138,24.0,0.5341365461847389,0.06827309236947791,0.24096385542168675
OGG_EVT_044,Drought | Flash Flood | High Surf,DL,arrival,126,39,1,2,15.441666666666666,1.0,0.30952380952380953,0.007936507936507936,0.015873015873015872
OGG_EVT_044,Drought | Flash Flood | High Surf,DL,departure,126,54,2,9,33.0,11.0,0.42857142857142855,0.015873015873015872,0.07142857142857142
OGG_EVT_044,Drought | Flash Flood | High Surf,HA,arrival,1293,427,58,126,27.819885900570497,5.0,0.33023975251353443,0.0448569218870843,0.09744779582366589
OGG_EVT_044,Drought | Flash Flood | High Surf,HA,departure,1294,504,54,127,33.88477034649476,8.0,0.3894899536321484,0.04173106646058733,0.09814528593508501
OGG_EVT_044,Drought | Flash Flood | High Surf,UA,arrival,235,83,2,20,28.525862068965516,3.0,0.35319148936170214,0.00851063829787234,0.0851063829787234
OGG_EVT_044,Drought | Flash Flood | High Surf,UA,departure,236,55,3,14,18.67948717948718,0.0,0.2330508474576271,0.012711864406779662,0.059322033898305086
OGG_EVT_044,Drought | Flash Flood | High Surf,WN,arrival,574,198,33,56,23.178770949720672,4.0,0.34494773519163763,0.05749128919860627,0.0975609756097561
OGG_EVT_044,Drought | Flash Flood | High Surf,WN,departure,574,151,34,60,20.605555555555554,0.0,0.26306620209059234,0.059233449477351915,0.10452961672473868
OGG_EVT_045,High Surf,AA,arrival,10,5,2,3,35.625,19.0,0.5,0.2,0.3
OGG_EVT_045,High Surf,AA,departure,10,2,0,0,6.2,2.5,0.2,0.0,0.0
OGG_EVT_045,High Surf,AS,arrival,15,10,0,0,30.266666666666666,25.0,0.6666666666666666,0.0,0.0
OGG_EVT_045,High Surf,AS,departure,15,10,0,0,29.0,22.0,0.6666666666666666,0.0,0.0
OGG_EVT_045,High Surf,DL,arrival,9,7,0,0,29.0,34.0,0.7777777777777778,0.0,0.0
OGG_EVT_045,High Surf,DL,departure,9,8,0,0,33.666666666666664,30.0,0.8888888888888888,0.0,0.0
OGG_EVT_045,High Surf,HA,arrival,81,12,6,6,8.306666666666667,1.0,0.14814814814814814,0.07407407407407407,0.07407407407407407
OGG_EVT_045,High Surf,HA,departure,81,12,5,5,5.907894736842105,0.0,0.14814814814814814,0.06172839506172839,0.06172839506172839
OGG_EVT_045,High Surf,UA,arrival,11,5,0,1,94.45454545454545,6.0,0.45454545454545453,0.0,0.09090909090909091
OGG_EVT_045,High Surf,UA,departure,11,1,0,1,66.27272727272727,0.0,0.09090909090909091,0.0,0.09090909090909091
OGG_EVT_045,High Surf,WN,arrival,38,9,2,9,47.52777777777778,0.0,0.23684210526315788,0.05263157894736842,0.23684210526315788
OGG_EVT_045,High Surf,WN,departure,38,8,2,6,27.77777777777778,0.0,0.21052631578947367,0.05263157894736842,0.15789473684210525
OGG_EVT_046,High Surf,AA,arrival,9,1,0,0,6.0,0.0,0.1111111111111111,0.0,0.0
OGG_EVT_046,High Surf,AA,departure,6,0,0,0,2.1666666666666665,0.0,0.0,0.0,0.0
OGG_EVT_046,High Surf,AS,arrival,13,3,0,0,13.384615384615385,0.0,0.23076923076923078,0.0,0.0
OGG_EVT_046,High Surf,AS,departure,12,6,0,0,20.583333333333332,15.0,0.5,0.0,0.0
OGG_EVT_046,High Surf,DL,arrival,6,2,0,0,13.0,0.0,0.3333333333333333,0.0,0.0
OGG_EVT_046,High Surf,DL,departure,6,3,0,0,15.833333333333334,10.0,0.5,0.0,0.0
OGG_EVT_046,High Surf,HA,arrival,71,11,1,2,7.9714285714285715,0.0,0.15492957746478872,0.014084507042253521,0.028169014084507043
OGG_EVT_046,High Surf,HA,departure,70,10,1,2,8.08695652173913,0.0,0.14285714285714285,0.014285714285714285,0.02857142857142857
OGG_EVT_046,High Surf,UA,arrival,8,0,0,0,0.0,0.0,0.0,0.0,0.0
OGG_EVT_046,High Surf,UA,departure,8,3,0,0,11.0,0.0,0.375,0.0,0.0
OGG_EVT_046,High Surf,WN,arrival,31,1,0,0,1.5806451612903225,0.0,0.03225806451612903,0.0,0.0
OGG_EVT_046,High Surf,WN,departure,32,1,1,1,1.3870967741935485,0.0,0.03125,0.03125,0.03125
OGG_EVT_047,Flash Flood | Strong Wind,AA,arrival,10,3,0,1,31.0,0.0,0.3,0.0,0.1
OGG_EVT_047,Flash Flood | Strong Wind,AA,departure,10,1,0,0,3.9,0.0,0.1,0.0,0.0
OGG_EVT_047,Flash Flood | Strong Wind,AS,arrival,14,5,0,3,50.57142857142857,4.5,0.35714285714285715,0.0,0.21428571428571427
OGG_EVT_047,Flash Flood | Strong Wind,AS,departure,16,9,0,3,53.8125,20.5,0.5625,0.0,0.1875
OGG_EVT_047,Flash Flood | Strong Wind,DL,arrival,10,3,0,1,46.0,4.5,0.3,0.0,0.1
OGG_EVT_047,Flash Flood | Strong Wind,DL,departure,10,4,1,1,15.222222222222221,6.0,0.4,0.1,0.1
OGG_EVT_047,Flash Flood | Strong Wind,HA,arrival,68,23,1,2,16.134328358208954,6.0,0.3382352941176471,0.014705882352941176,0.029411764705882353
OGG_EVT_047,Flash Flood | Strong Wind,HA,departure,70,31,1,2,20.144927536231883,12.0,0.44285714285714284,0.014285714285714285,0.02857142857142857
OGG_EVT_047,Flash Flood | Strong Wind,UA,arrival,13,3,0,0,9.384615384615385,1.0,0.23076923076923078,0.0,0.0
OGG_EVT_047,Flash Flood | Strong Wind,UA,departure,13,4,0,0,9.461538461538462,0.0,0.3076923076923077,0.0,0.0
OGG_EVT_047,Flash Flood | Strong Wind,WN,arrival,35,8,1,1,8.911764705882353,0.0,0.22857142857142856,0.02857142857142857,0.02857142857142857
OGG_EVT_047,Flash Flood | Strong Wind,WN,departure,35,7,1,1,9.0,0.0,0.2,0.02857142857142857,0.02857142857142857
OGG_EVT_048,Strong Wind,HA,departure,1,0,0,0,0.0,0.0,0.0,0.0,0.0
OGG_EVT_049,High Surf,AA,arrival,10,1,0,0,2.7,0.0,0.1,0.0,0.0
OGG_EVT_049,High Surf,AA,departure,10,1,0,0,2.0,0.0,0.1,0.0,0.0
OGG_EVT_049,High Surf,AS,arrival,16,1,0,0,4.25,0.0,0.0625,0.0,0.0
OGG_EVT_049,High Surf,AS,departure,16,4,1,1,11.266666666666667,1.0,0.25,0.0625,0.0625
OGG_EVT_049,High Surf,DL,arrival,10,3,0,1,105.7,0.0,0.3,0.0,0.1
OGG_EVT_049,High Surf,DL,departure,10,3,0,1,119.1,6.5,0.3,0.0,0.1
OGG_EVT_049,High Surf,HA,arrival,83,5,0,0,3.7710843373493974,0.0,0.060240963855421686,0.0,0.0
OGG_EVT_049,High Surf,HA,departure,83,14,0,0,5.734939759036145,0.0,0.1686746987951807,0.0,0.0
OGG_EVT_049,High Surf,UA,arrival,17,3,0,0,9.647058823529411,0.0,0.17647058823529413,0.0,0.0
OGG_EVT_049,High Surf,UA,departure,13,0,0,0,0.8461538461538461,0.0,0.0,0.0,0.0
OGG_EVT_049,High Surf,WN,arrival,37,4,2,2,3.4571428571428573,0.0,0.10810810810810811,0.05405405405405406,0.05405405405405406
OGG_EVT_049,High Surf,WN,departure,38,3,2,2,4.472222222222222,0.0,0.07894736842105263,0.05263157894736842,0.05263157894736842
OGG_EVT_050,High Surf | Strong Wind,AA,arrival,8,0,0,0,1.375,0.0,0.0,0.0,0.0
OGG_EVT_050,High Surf | Strong Wind,AA,departure,6,0,0,0,3.5,0.0,0.0,0.0,0.0
OGG_EVT_050,High Surf | Strong Wind,AS,arrival,12,3,0,0,13.25,2.0,0.25,0.0,0.0
OGG_EVT_050,High Surf | Strong Wind,AS,departure,12,8,0,0,26.833333333333332,19.0,0.6666666666666666,0.0,0.0
OGG_EVT_050,High Surf | Strong Wind,DL,arrival,5,1,0,0,5.4,0.0,0.2,0.0,0.0
OGG_EVT_050,High Surf | Strong Wind,DL,departure,5,1,0,0,3.8,0.0,0.2,0.0,0.0
OGG_EVT_050,High Surf | Strong Wind,HA,arrival,69,20,0,0,9.173913043478262,4.0,0.2898550724637681,0.0,0.0
OGG_EVT_050,High Surf | Strong Wind,HA,departure,68,21,0,0,11.102941176470589,3.5,0.3088235294117647,0.0,0.0
OGG_EVT_050,High Surf | Strong Wind,UA,arrival,10,1,0,0,3.4,0.0,0.1,0.0,0.0
OGG_EVT_050,High Surf | Strong Wind,UA,departure,8,0,0,0,1.25,0.0,0.0,0.0,0.0
OGG_EVT_050,High Surf | Strong Wind,WN,arrival,30,1,0,0,1.5333333333333334,0.0,0.03333333333333333,0.0,0.0
OGG_EVT_050,High Surf | Strong Wind,WN,departure,32,1,0,0,3.46875,0.0,0.03125,0.0,0.0
OGG_EVT_051,High Surf,AA,arrival,14,8,0,1,49.142857142857146,19.5,0.5714285714285714,0.0,0.07142857142857142
OGG_EVT_051,High Surf,AA,departure,14,4,0,1,25.571428571428573,0.0,0.2857142857142857,0.0,0.07142857142857142
OGG_EVT_051,High Surf,AS,arrival,22,14,0,1,30.227272727272727,19.5,0.6363636363636364,0.0,0.045454545454545456
OGG_EVT_051,High Surf,AS,departure,22,17,0,3,46.13636363636363,35.0,0.7727272727272727,0.0,0.13636363636363635
OGG_EVT_051,High Surf,DL,arrival,13,7,0,0,24.692307692307693,18.0,0.5384615384615384,0.0,0.0
OGG_EVT_051,High Surf,DL,departure,12,9,0,0,35.0,21.5,0.75,0.0,0.0
OGG_EVT_051,High Surf,HA,arrival,116,64,0,1,28.32758620689655,16.5,0.5517241379310345,0.0,0.008620689655172414
OGG_EVT_051,High Surf,HA,departure,115,59,0,2,28.22608695652174,18.0,0.5130434782608696,0.0,0.017391304347826087
OGG_EVT_051,High Surf,UA,arrival,19,11,0,1,33.68421052631579,17.0,0.5789473684210527,0.0,0.05263157894736842
OGG_EVT_051,High Surf,UA,departure,18,3,0,0,6.777777777777778,2.0,0.16666666666666666,0.0,0.0
OGG_EVT_051,High Surf,WN,arrival,59,36,0,0,26.949152542372882,24.0,0.6101694915254238,0.0,0.0
OGG_EVT_051,High Surf,WN,departure,60,28,1,1,22.25423728813559,11.0,0.4666666666666667,0.016666666666666666,0.016666666666666666
OGG_EVT_052,High Surf,AA,arrival,6,0,0,0,0.3333333333333333,0.0,0.0,0.0,0.0
OGG_EVT_052,High Surf,AA,departure,4,0,0,0,0.0,0.0,0.0,0.0,0.0
OGG_EVT_052,High Surf,AS,arrival,14,1,0,0,2.3846153846153846,0.0,0.07142857142857142,0.0,0.0
OGG_EVT_052,High Surf,AS,departure,13,3,1,1,12.833333333333334,0.0,0.23076923076923078,0.07692307692307693,0.07692307692307693
OGG_EVT_052,High Surf,DL,arrival,4,0,0,0,0.0,0.0,0.0,0.0,0.0
OGG_EVT_052,High Surf,DL,departure,4,0,0,0,0.0,0.0,0.0,0.0,0.0
OGG_EVT_052,High Surf,HA,arrival,76,11,2,2,6.486486486486487,0.0,0.14473684210526316,0.02631578947368421,0.02631578947368421
OGG_EVT_052,High Surf,HA,departure,77,13,2,3,8.8,0.0,0.16883116883116883,0.025974025974025976,0.03896103896103896
OGG_EVT_052,High Surf,UA,arrival,9,1,0,0,6.777777777777778,0.0,0.1111111111111111,0.0,0.0
OGG_EVT_052,High Surf,UA,departure,8,0,0,0,1.625,0.0,0.0,0.0,0.0
OGG_EVT_052,High Surf,WN,arrival,37,5,0,0,4.297297297297297,0.0,0.13513513513513514,0.0,0.0
OGG_EVT_052,High Surf,WN,departure,39,4,0,0,3.0,0.0,0.10256410256410256,0.0,0.0
OGG_EVT_053,Drought | Wildfire,AA,arrival,120,8,0,1,5.571428571428571,0.0,0.06666666666666667,0.0,0.008333333333333333
OGG_EVT_053,Drought | Wildfire,AA,departure,120,8,0,1,3.6166666666666667,0.0,0.06666666666666667,0.0,0.008333333333333333
OGG_EVT_053,Drought | Wildfire,AS,arrival,228,46,0,3,9.898678414096917,0.0,0.20175438596491227,0.0,0.013157894736842105
OGG_EVT_053,Drought | Wildfire,AS,departure,228,83,2,9,19.827433628318584,6.0,0.36403508771929827,0.008771929824561403,0.039473684210526314
OGG_EVT_053,Drought | Wildfire,DL,arrival,90,10,0,0,4.322222222222222,0.0,0.1111111111111111,0.0,0.0
OGG_EVT_053,Drought | Wildfire,DL,departure,90,1,0,0,1.1,0.0,0.011111111111111112,0.0,0.0
OGG_EVT_053,Drought | Wildfire,HA,arrival,1303,171,9,20,11.28129829984544,0.0,0.13123561013046814,0.006907137375287797,0.015349194167306216
OGG_EVT_053,Drought | Wildfire,HA,departure,1302,218,7,15,9.523552123552124,0.0,0.1674347158218126,0.005376344086021506,0.01152073732718894
OGG_EVT_053,Drought | Wildfire,UA,arrival,237,38,2,9,12.517094017094017,0.0,0.16033755274261605,0.008438818565400843,0.0379746835443038
OGG_EVT_053,Drought | Wildfire,UA,departure,237,23,2,7,8.65531914893617,0.0,0.0970464135021097,0.008438818565400843,0.029535864978902954
OGG_EVT_053,Drought | Wildfire,WN,arrival,720,99,2,7,7.310393258426966,0.0,0.1375,0.002777777777777778,0.009722222222222222
OGG_EVT_053,Drought | Wildfire,WN,departure,720,94,2,8,7.417827298050139,0.0,0.13055555555555556,0.002777777777777778,0.011111111111111112
OGG_EVT_054,Drought | High Wind | Wildfire,AA,arrival,120,22,5,7,10.42608695652174,0.0,0.18333333333333332,0.041666666666666664,0.058333333333333334
OGG_EVT_054,Drought | High Wind | Wildfire,AA,departure,120,11,5,9,24.860869565217392,0.0,0.09166666666666666,0.041666666666666664,0.075
OGG_EVT_054,Drought | High Wind | Wildfire,AS,arrival,225,31,0,5,8.892857142857142,0.0,0.13777777777777778,0.0,0.022222222222222223
OGG_EVT_054,Drought | High Wind | Wildfire,AS,departure,225,40,2,9,12.080717488789238,0.0,0.17777777777777778,0.008888888888888889,0.04
OGG_EVT_054,Drought | High Wind | Wildfire,DL,arrival,90,14,1,2,9.96551724137931,0.0,0.15555555555555556,0.011111111111111112,0.022222222222222223
OGG_EVT_054,Drought | High Wind | Wildfire,DL,departure,90,9,2,3,8.534090909090908,0.0,0.1,0.022222222222222223,0.03333333333333333
OGG_EVT_054,Drought | High Wind | Wildfire,HA,arrival,1278,155,23,30,6.7824,0.0,0.12128325508607199,0.017996870109546165,0.023474178403755867
OGG_EVT_054,Drought | High Wind | Wildfire,HA,departure,1294,213,24,33,8.875590551181102,0.0,0.16460587326120557,0.01854714064914992,0.025502318392581144
OGG_EVT_054,Drought | High Wind | Wildfire,UA,arrival,174,28,42,45,16.770992366412212,0.0,0.16091954022988506,0.2413793103448276,0.25862068965517243
OGG_EVT_054,Drought | High Wind | Wildfire,UA,departure,174,46,17,32,74.43037974683544,0.0,0.26436781609195403,0.09770114942528736,0.1839080459770115
OGG_EVT_054,Drought | High Wind | Wildfire,WN,arrival,720,128,4,13,9.387412587412587,0.0,0.17777777777777778,0.005555555555555556,0.018055555555555554
OGG_EVT_054,Drought | High Wind | Wildfire,WN,departure,720,98,8,18,8.317415730337078,0.0,0.1361111111111111,0.011111111111111112,0.025
OGG_EVT_055,Drought,AA,arrival,92,7,0,2,10.076086956521738,0.0,0.07608695652173914,0.0,0.021739130434782608
OGG_EVT_055,Drought,AA,departure,92,4,0,1,15.728260869565217,0.0,0.043478260869565216,0.0,0.010869565217391304
OGG_EVT_055,Drought,AS,arrival,152,10,0,2,5.828947368421052,0.0,0.06578947368421052,0.0,0.013157894736842105
OGG_EVT_055,Drought,AS,departure,151,6,0,1,3.801324503311258,0.0,0.039735099337748346,0.0,0.006622516556291391
OGG_EVT_055,Drought,DL,arrival,62,6,0,1,5.354838709677419,0.0,0.0967741935483871,0.0,0.016129032258064516
OGG_EVT_055,Drought,DL,departure,62,3,0,0,1.403225806451613,0.0,0.04838709677419355,0.0,0.0
OGG_EVT_055,Drought,HA,arrival,1239,97,19,21,4.4032786885245905,0.0,0.07828894269572235,0.01533494753833737,0.01694915254237288
OGG_EVT_055,Drought,HA,departure,1240,97,21,26,4.7128794093519275,0.0,0.07822580645161291,0.016935483870967744,0.020967741935483872
OGG_EVT_055,Drought,UA,arrival,87,7,1,1,2.802325581395349,0.0,0.08045977011494253,0.011494252873563218,0.011494252873563218
OGG_EVT_055,Drought,UA,departure,87,3,1,1,1.197674418604651,0.0,0.034482758620689655,0.011494252873563218,0.011494252873563218
OGG_EVT_055,Drought,WN,arrival,495,35,2,3,3.5091277890466532,0.0,0.0707070707070707,0.00404040404040404,0.006060606060606061
OGG_EVT_055,Drought,WN,departure,496,12,2,2,1.2894736842105263,0.0,0.024193548387096774,0.004032258064516129,0.004032258064516129
OGG_EVT_056,Drought | High Surf,AA,arrival,90,8,0,1,5.606741573033708,0.0,0.08888888888888889,0.0,0.011111111111111112
OGG_EVT_056,Drought | High Surf,AA,departure,90,6,0,0,3.3777777777777778,0.0,0.06666666666666667,0.0,0.0
OGG_EVT_056,Drought | High Surf,AS,arrival,179,12,0,0,2.9497206703910615,0.0,0.0670391061452514,0.0,0.0
OGG_EVT_056,Drought | High Surf,AS,departure,180,25,0,0,5.911111111111111,0.0,0.1388888888888889,0.0,0.0
OGG_EVT_056,Drought | High Surf,DL,arrival,60,6,0,1,7.0,0.0,0.1,0.0,0.016666666666666666
OGG_EVT_056,Drought | High Surf,DL,departure,60,4,0,1,3.8833333333333333,0.0,0.06666666666666667,0.0,0.016666666666666666
OGG_EVT_056,Drought | High Surf,HA,arrival,1237,226,28,35,9.273779983457402,1.0,0.18270008084074374,0.02263540824575586,0.028294260307194827
OGG_EVT_056,Drought | High Surf,HA,departure,1238,249,28,35,9.443435177539223,1.0,0.20113085621970922,0.022617124394184167,0.02827140549273021
OGG_EVT_056,Drought | High Surf,UA,arrival,90,12,1,3,9.454545454545455,0.0,0.13333333333333333,0.011111111111111112,0.03333333333333333
OGG_EVT_056,Drought | High Surf,UA,departure,90,8,2,5,12.215909090909092,0.0,0.08888888888888889,0.022222222222222223,0.05555555555555555
OGG_EVT_056,Drought | High Surf,WN,arrival,480,46,1,3,4.4050104384133615,0.0,0.09583333333333334,0.0020833333333333333,0.00625
OGG_EVT_056,Drought | High Surf,WN,departure,480,31,1,3,3.6972860125260962,0.0,0.06458333333333334,0.0020833333333333333,0.00625
OGG_EVT_057,Drought | Flood | High Surf | Wildfire,AA,arrival,221,27,0,4,8.69683257918552,0.0,0.12217194570135746,0.0,0.01809954751131222
OGG_EVT_057,Drought | Flood | High Surf | Wildfire,AA,departure,221,9,0,2,9.968325791855204,0.0,0.04072398190045249,0.0,0.00904977375565611
OGG_EVT_057,Drought | Flood | High Surf | Wildfire,AS,arrival,381,75,0,6,9.578947368421053,0.0,0.1968503937007874,0.0,0.015748031496062992
OGG_EVT_057,Drought | Flood | High Surf | Wildfire,AS,departure,381,101,0,10,14.934383202099738,0.0,0.2650918635170604,0.0,0.026246719160104987
OGG_EVT_057,Drought | Flood | High Surf | Wildfire,DL,arrival,151,15,0,0,4.503311258278146,0.0,0.09933774834437085,0.0,0.0
OGG_EVT_057,Drought | Flood | High Surf | Wildfire,DL,departure,151,7,0,1,3.019867549668874,0.0,0.046357615894039736,0.0,0.006622516556291391
OGG_EVT_057,Drought | Flood | High Surf | Wildfire,HA,arrival,2339,302,19,30,7.990509059534081,0.0,0.129115006412997,0.008123129542539546,0.012825994014536126
OGG_EVT_057,Drought | Flood | High Surf | Wildfire,HA,departure,2337,315,20,33,7.1389128559102675,0.0,0.13478818998716302,0.008557980316645272,0.014120667522464698
OGG_EVT_057,Drought | Flood | High Surf | Wildfire,UA,arrival,220,30,0,1,6.406392694063927,0.0,0.13636363636363635,0.0,0.004545454545454545
OGG_EVT_057,Drought | Flood | High Surf | Wildfire,UA,departure,220,18,0,3,6.095454545454546,0.0,0.08181818181818182,0.0,0.013636363636363636
OGG_EVT_057,Drought | Flood | High Surf | Wildfire,WN,arrival,1102,127,8,16,5.886550777676121,0.0,0.11524500907441017,0.007259528130671506,0.014519056261343012
OGG_EVT_057,Drought | Flood | High Surf | Wildfire,WN,departure,1101,94,9,13,4.443223443223443,0.0,0.08537693006357856,0.008174386920980926,0.011807447774750226
OGG_EVT_058,Flood,HA,arrival,5,1,0,0,14.4,1.0,0.2,0.0,0.0
OGG_EVT_058,Flood,HA,departure,5,0,0,0,4.0,3.0,0.0,0.0,0.0
OGG_EVT_058,Flood,WN,arrival,2,0,0,0,0.0,0.0,0.0,0.0,0.0
OGG_EVT_058,Flood,WN,departure,5,1,0,0,3.8,0.0,0.2,0.0,0.0
OGG_EVT_059,Flood,AS,arrival,1,0,1,1,,,0.0,1.0,1.0
OGG_EVT_059,Flood,AS,departure,1,0,1,1,,,0.0,1.0,1.0
OGG_EVT_059,Flood,HA,arrival,9,3,0,0,10.222222222222221,6.0,0.3333333333333333,0.0,0.0
OGG_EVT_059,Flood,HA,departure,6,2,0,0,10.833333333333334,4.0,0.3333333333333333,0.0,0.0
OGG_EVT_059,Flood,WN,arrival,1,0,1,1,,,0.0,1.0,1.0
OGG_EVT_059,Flood,WN,departure,4,1,0,0,5.75,3.5,0.25,0.0,0.0
OGG_EVT_060,High Surf,AA,departure,3,0,0,0,0.0,0.0,0.0,0.0,0.0
OGG_EVT_060,High Surf,AS,departure,1,0,1,1,,,0.0,1.0,1.0
OGG_EVT_060,High Surf,DL,departure,3,2,0,0,21.333333333333332,29.0,0.6666666666666666,0.0,0.0
OGG_EVT_060,High Surf,HA,arrival,6,0,0,0,0.8333333333333334,0.0,0.0,0.0,0.0
OGG_EVT_060,High Surf,HA,departure,5,0,0,0,0.2,0.0,0.0,0.0,0.0
OGG_EVT_060,High Surf,UA,arrival,1,0,0,0,11.0,11.0,0.0,0.0,0.0
OGG_EVT_060,High Surf,UA,departure,2,0,0,0,0.0,0.0,0.0,0.0,0.0
OGG_EVT_060,High Surf,WN,arrival,4,0,0,0,0.0,0.0,0.0,0.0,0.0
OGG_EVT_060,High Surf,WN,departure,5,0,0,0,1.0,0.0,0.0,0.0,0.0
OGG_EVT_061,High Surf,AA,arrival,8,2,0,0,10.625,8.5,0.25,0.0,0.0
OGG_EVT_061,High Surf,AA,departure,8,0,0,0,0.0,0.0,0.0,0.0,0.0
OGG_EVT_061,High Surf,AS,arrival,13,0,8,8,,,0.0,0.6153846153846154,0.6153846153846154
OGG_EVT_061,High Surf,AS,departure,13,4,8,11,135.2,149.0,0.3076923076923077,0.6153846153846154,0.8461538461538461
OGG_EVT_061,High Surf,DL,arrival,6,3,0,0,13.166666666666666,15.0,0.5,0.0,0.0
OGG_EVT_061,High Surf,DL,departure,6,0,0,0,3.0,0.0,0.0,0.0,0.0
OGG_EVT_061,High Surf,HA,arrival,70,14,0,0,8.314285714285715,2.5,0.2,0.0,0.0
OGG_EVT_061,High Surf,HA,departure,70,10,0,0,7.642857142857143,0.5,0.14285714285714285,0.0,0.0
OGG_EVT_061,High Surf,UA,arrival,11,3,0,0,17.272727272727273,9.0,0.2727272727272727,0.0,0.0
OGG_EVT_061,High Surf,UA,departure,11,0,0,0,0.9090909090909091,0.0,0.0,0.0,0.0
OGG_EVT_061,High Surf,WN,arrival,38,9,1,1,8.0,0.0,0.23684210526315788,0.02631578947368421,0.02631578947368421
OGG_EVT_061,High Surf,WN,departure,38,3,0,0,2.9210526315789473,0.0,0.07894736842105263,0.0,0.0
OGG_EVT_062,High Surf,AA,arrival,10,6,0,0,28.4,21.0,0.6,0.0,0.0
OGG_EVT_062,High Surf,AA,departure,9,1,0,0,3.111111111111111,0.0,0.1111111111111111,0.0,0.0
OGG_EVT_062,High Surf,AS,arrival,16,6,1,1,17.866666666666667,10.0,0.375,0.0625,0.0625
OGG_EVT_062,High Surf,AS,departure,16,6,1,1,16.666666666666668,11.0,0.375,0.0625,0.0625
OGG_EVT_062,High Surf,DL,arrival,6,2,0,0,10.333333333333334,9.5,0.3333333333333333,0.0,0.0
OGG_EVT_062,High Surf,DL,departure,6,0,0,0,1.5,0.0,0.0,0.0,0.0
OGG_EVT_062,High Surf,HA,arrival,96,24,0,0,10.78125,3.5,0.25,0.0,0.0
OGG_EVT_062,High Surf,HA,departure,95,18,0,0,7.71578947368421,0.0,0.18947368421052632,0.0,0.0
OGG_EVT_062,High Surf,UA,arrival,14,6,0,0,19.428571428571427,6.5,0.42857142857142855,0.0,0.0
OGG_EVT_062,High Surf,UA,departure,13,0,0,0,0.0,0.0,0.0,0.0,0.0
OGG_EVT_062,High Surf,WN,arrival,48,17,0,0,15.541666666666666,5.0,0.3541666666666667,0.0,0.0
OGG_EVT_062,High Surf,WN,departure,51,10,0,0,8.686274509803921,0.0,0.19607843137254902,0.0,0.0
OGG_EVT_063,High Surf,AA,arrival,12,1,0,0,1.5833333333333333,0.0,0.08333333333333333,0.0,0.0
OGG_EVT_063,High Surf,AA,departure,12,0,0,0,0.25,0.0,0.0,0.0,0.0
OGG_EVT_063,High Surf,AS,arrival,14,9,0,0,24.0,22.5,0.6428571428571429,0.0,0.0
OGG_EVT_063,High Surf,AS,departure,14,8,1,1,23.23076923076923,25.0,0.5714285714285714,0.07142857142857142,0.07142857142857142
OGG_EVT_063,High Surf,DL,arrival,9,1,1,1,7.75,4.0,0.1111111111111111,0.1111111111111111,0.1111111111111111
OGG_EVT_063,High Surf,DL,departure,9,0,1,1,0.125,0.0,0.0,0.1111111111111111,0.1111111111111111
OGG_EVT_063,High Surf,HA,arrival,111,33,1,1,12.872727272727273,5.5,0.2972972972972973,0.009009009009009009,0.009009009009009009
OGG_EVT_063,High Surf,HA,departure,111,30,1,1,11.636363636363637,3.0,0.2702702702702703,0.009009009009009009,0.009009009009009009
OGG_EVT_063,High Surf,UA,arrival,14,4,0,1,22.857142857142858,1.0,0.2857142857142857,0.0,0.07142857142857142
OGG_EVT_063,High Surf,UA,departure,14,0,0,0,2.0,0.0,0.0,0.0,0.0
OGG_EVT_063,High Surf,WN,arrival,56,14,0,0,11.074074074074074,0.5,0.25,0.0,0.0
OGG_EVT_063,High Surf,WN,departure,56,11,0,0,7.339285714285714,0.0,0.19642857142857142,0.0,0.0
OGG_EVT_064,High Surf,AA,arrival,7,1,0,0,3.142857142857143,0.0,0.14285714285714285,0.0,0.0
OGG_EVT_064,High Surf,AA,departure,5,0,0,0,0.0,0.0,0.0,0.0,0.0
OGG_EVT_064,High Surf,AS,arrival,10,2,0,0,17.0,0.0,0.2,0.0,0.0
OGG_EVT_064,High Surf,AS,departure,9,3,0,1,27.88888888888889,0.0,0.3333333333333333,0.0,0.1111111111111111
OGG_EVT_064,High Surf,DL,arrival,3,0,0,0,0.0,0.0,0.0,0.0,0.0
OGG_EVT_064,High Surf,DL,departure,3,0,0,0,4.333333333333333,3.0,0.0,0.0,0.0
OGG_EVT_064,High Surf,HA,arrival,64,7,1,1,4.777777777777778,0.0,0.109375,0.015625,0.015625
OGG_EVT_064,High Surf,HA,departure,64,8,0,0,5.34375,2.0,0.125,0.0,0.0
OGG_EVT_064,High Surf,UA,arrival,9,0,0,0,0.0,0.0,0.0,0.0,0.0
OGG_EVT_064,High Surf,UA,departure,7,3,0,0,19.714285714285715,13.0,0.42857142857142855,0.0,0.0
OGG_EVT_064,High Surf,WN,arrival,31,2,0,0,2.225806451612903,0.0,0.06451612903225806,0.0,0.0
OGG_EVT_064,High Surf,WN,departure,35,5,0,0,8.114285714285714,0.0,0.14285714285714285,0.0,0.0
OGG_EVT_065,Drought,AA,arrival,116,14,0,2,15.379310344827585,0.0,0.1206896551724138,0.0,0.017241379310344827
OGG_EVT_065,Drought,AA,departure,116,11,0,3,17.103448275862068,0.0,0.09482758620689655,0.0,0.02586206896551724
OGG_EVT_065,Drought,AS,arrival,147,20,0,0,4.795918367346939,0.0,0.1360544217687075,0.0,0.0
OGG_EVT_065,Drought,AS,departure,146,23,0,2,8.698630136986301,0.0,0.15753424657534246,0.0,0.0136986301369863
OGG_EVT_065,Drought,DL,arrival,65,9,0,2,8.923076923076923,0.0,0.13846153846153847,0.0,0.03076923076923077
OGG_EVT_065,Drought,DL,departure,65,6,1,2,23.921875,0.0,0.09230769230769231,0.015384615384615385,0.03076923076923077
OGG_EVT_065,Drought,HA,arrival,1071,119,12,19,7.768649669499528,0.0,0.1111111111111111,0.011204481792717087,0.017740429505135387
OGG_EVT_065,Drought,HA,departure,1070,124,10,18,7.471698113207547,0.0,0.11588785046728972,0.009345794392523364,0.016822429906542057
OGG_EVT_065,Drought,UA,arrival,127,18,0,4,13.094488188976378,0.0,0.14173228346456693,0.0,0.031496062992125984
OGG_EVT_065,Drought,UA,departure,127,18,2,9,12.832,0.0,0.14173228346456693,0.015748031496062992,0.07086614173228346
OGG_EVT_065,Drought,WN,arrival,563,52,4,6,4.1813285457809695,0.0,0.09236234458259325,0.007104795737122558,0.010657193605683837
OGG_EVT_065,Drought,WN,departure,563,46,5,5,3.9229390681003586,0.0,0.08170515097690942,0.008880994671403197,0.008880994671403197
OGG_EVT_066,Drought,AA,arrival,120,33,0,7,20.327731092436974,0.0,0.275,0.0,0.058333333333333334
OGG_EVT_066,Drought,AA,departure,120,11,1,6,15.478991596638656,0.0,0.09166666666666666,0.008333333333333333,0.05
OGG_EVT_066,Drought,AS,arrival,142,25,1,2,8.22695035460993,0.0,0.176056338028169,0.007042253521126761,0.014084507042253521
OGG_EVT_066,Drought,AS,departure,143,29,1,2,9.30281690140845,0.0,0.20279720279720279,0.006993006993006993,0.013986013986013986
OGG_EVT_066,Drought,DL,arrival,60,8,0,1,8.066666666666666,0.0,0.13333333333333333,0.0,0.016666666666666666
OGG_EVT_066,Drought,DL,departure,60,2,0,0,2.55,0.0,0.03333333333333333,0.0,0.0
OGG_EVT_066,Drought,HA,arrival,1114,159,26,32,7.700091996320147,0.0,0.14272890484739678,0.02333931777378815,0.02872531418312388
OGG_EVT_066,Drought,HA,departure,1113,196,25,31,9.157943067033976,0.0,0.1761006289308176,0.022461814914645103,0.027852650494159928
OGG_EVT_066,Drought,UA,arrival,134,17,0,4,10.26865671641791,0.0,0.12686567164179105,0.0,0.029850746268656716
OGG_EVT_066,Drought,UA,departure,134,17,0,1,8.134328358208956,0.0,0.12686567164179105,0.0,0.007462686567164179
OGG_EVT_066,Drought,WN,arrival,526,39,1,7,5.504761904761905,0.0,0.0741444866920152,0.0019011406844106464,0.013307984790874524
OGG_EVT_066,Drought,WN,departure,526,46,2,6,4.877862595419847,0.0,0.08745247148288973,0.0038022813688212928,0.011406844106463879
OGG_EVT_067,Drought | High Surf,AA,arrival,91,11,0,2,9.934065934065934,0.0,0.12087912087912088,0.0,0.02197802197802198
OGG_EVT_067,Drought | High Surf,AA,departure,91,6,0,2,14.747252747252746,0.0,0.06593406593406594,0.0,0.02197802197802198
OGG_EVT_067,Drought | High Surf,AS,arrival,174,23,0,1,6.764367816091954,0.0,0.13218390804597702,0.0,0.005747126436781609
OGG_EVT_067,Drought | High Surf,AS,departure,174,32,1,2,9.028735632183908,0.0,0.1839080459770115,0.005747126436781609,0.011494252873563218
OGG_EVT_067,Drought | High Surf,DL,arrival,81,10,1,4,12.2625,0.0,0.12345679012345678,0.012345679012345678,0.04938271604938271
OGG_EVT_067,Drought | High Surf,DL,departure,81,6,1,5,23.9,0.0,0.07407407407407407,0.012345679012345678,0.06172839506172839
OGG_EVT_067,Drought | High Surf,HA,arrival,1101,115,8,10,5.022872827081427,0.0,0.1044504995458674,0.007266121707538601,0.009082652134423252
OGG_EVT_067,Drought | High Surf,HA,departure,1102,104,8,13,5.675799086757991,0.0,0.09437386569872959,0.007259528130671506,0.011796733212341199
OGG_EVT_067,Drought | High Surf,UA,arrival,162,14,0,4,7.211180124223603,0.0,0.08641975308641975,0.0,0.024691358024691357
OGG_EVT_067,Drought | High Surf,UA,departure,162,14,3,5,10.378881987577639,0.0,0.08641975308641975,0.018518518518518517,0.030864197530864196
OGG_EVT_067,Drought | High Surf,WN,arrival,588,49,3,4,4.4101221640488655,0.0,0.08333333333333333,0.00510204081632653,0.006802721088435374
OGG_EVT_067,Drought | High Surf,WN,departure,589,42,4,6,4.013675213675214,0.0,0.07130730050933787,0.006791171477079796,0.010186757215619695
OGG_EVT_068,Drought | Wildfire,AA,arrival,90,11,0,7,21.95505617977528,0.0,0.12222222222222222,0.0,0.07777777777777778
OGG_EVT_068,Drought | Wildfire,AA,departure,90,15,0,7,44.28888888888889,0.0,0.16666666666666666,0.0,0.07777777777777778
OGG_EVT_068,Drought | Wildfire,AS,arrival,189,21,0,2,6.0,0.0,0.1111111111111111,0.0,0.010582010582010581
OGG_EVT_068,Drought | Wildfire,AS,departure,189,32,1,3,8.75,0.0,0.1693121693121693,0.005291005291005291,0.015873015873015872
OGG_EVT_068,Drought | Wildfire,DL,arrival,90,10,2,2,7.670454545454546,0.0,0.1111111111111111,0.022222222222222223,0.022222222222222223
OGG_EVT_068,Drought | Wildfire,DL,departure,90,8,2,3,8.511363636363637,0.0,0.08888888888888889,0.022222222222222223,0.03333333333333333
OGG_EVT_068,Drought | Wildfire,HA,arrival,1143,137,15,20,5.986690328305235,0.0,0.11986001749781278,0.013123359580052493,0.017497812773403325
OGG_EVT_068,Drought | Wildfire,HA,departure,1143,135,16,22,6.049689440993789,0.0,0.11811023622047244,0.01399825021872266,0.019247594050743656
OGG_EVT_068,Drought | Wildfire,UA,arrival,218,19,5,12,9.623809523809523,0.0,0.0871559633027523,0.022935779816513763,0.05504587155963303
OGG_EVT_068,Drought | Wildfire,UA,departure,218,32,7,13,16.471698113207548,0.0,0.14678899082568808,0.03211009174311927,0.05963302752293578
OGG_EVT_068,Drought | Wildfire,WN,arrival,616,72,4,7,6.916955017301038,0.0,0.11688311688311688,0.006493506493506494,0.011363636363636364
OGG_EVT_068,Drought | Wildfire,WN,departure,616,70,4,6,6.741830065359477,0.0,0.11363636363636363,0.006493506493506494,0.00974025974025974
OGG_EVT_069,Drought | Flash Flood | Flood | High Surf | High Wind | Tropical Storm,AA,arrival,89,6,0,3,7.269662921348314,0.0,0.06741573033707865,0.0,0.033707865168539325
OGG_EVT_069,Drought | Flash Flood | Flood | High Surf | High Wind | Tropical Storm,AA,departure,89,3,0,0,1.3820224719101124,0.0,0.033707865168539325,0.0,0.0
OGG_EVT_069,Drought | Flash Flood | Flood | High Surf | High Wind | Tropical Storm,AS,arrival,188,30,0,1,7.356756756756757,0.0,0.1595744680851064,0.0,0.005319148936170213
OGG_EVT_069,Drought | Flash Flood | Flood | High Surf | High Wind | Tropical Storm,AS,departure,188,40,0,5,13.372340425531915,0.0,0.2127659574468085,0.0,0.026595744680851064
OGG_EVT_069,Drought | Flash Flood | Flood | High Surf | High Wind | Tropical Storm,DL,arrival,81,6,0,0,4.938271604938271,0.0,0.07407407407407407,0.0,0.0
OGG_EVT_069,Drought | Flash Flood | Flood | High Surf | High Wind | Tropical Storm,DL,departure,81,6,1,3,27.7,0.0,0.07407407407407407,0.012345679012345678,0.037037037037037035
OGG_EVT_069,Drought | Flash Flood | Flood | High Surf | High Wind | Tropical Storm,HA,arrival,1149,115,5,10,5.253718285214348,0.0,0.10008703220191471,0.004351610095735422,0.008703220191470844
OGG_EVT_069,Drought | Flash Flood | Flood | High Surf | High Wind | Tropical Storm,HA,departure,1147,124,7,13,5.96578947368421,0.0,0.10810810810810811,0.006102877070619006,0.011333914559721011
OGG_EVT_069,Drought | Flash Flood | Flood | High Surf | High Wind | Tropical Storm,UA,arrival,181,26,0,4,12.833333333333334,0.0,0.143646408839779,0.0,0.022099447513812154
OGG_EVT_069,Drought | Flash Flood | Flood | High Surf | High Wind | Tropical Storm,UA,departure,181,22,0,4,13.060773480662984,0.0,0.12154696132596685,0.0,0.022099447513812154
OGG_EVT_069,Drought | Flash Flood | Flood | High Surf | High Wind | Tropical Storm,WN,arrival,512,37,2,4,3.651821862348178,0.0,0.072265625,0.00390625,0.0078125
OGG_EVT_069,Drought | Flash Flood | Flood | High Surf | High Wind | Tropical Storm,WN,departure,511,40,2,6,4.846758349705304,0.0,0.07827788649706457,0.003913894324853229,0.011741682974559686
OGG_EVT_070,Drought,AA,arrival,87,8,0,2,13.494252873563218,0.0,0.09195402298850575,0.0,0.022988505747126436
OGG_EVT_070,Drought,AA,departure,87,8,0,3,18.35632183908046,0.0,0.09195402298850575,0.0,0.034482758620689655
OGG_EVT_070,Drought,AS,arrival,182,24,0,0,6.022346368715084,0.0,0.13186813186813187,0.0,0.0
OGG_EVT_070,Drought,AS,departure,182,29,0,3,9.368131868131869,0.0,0.15934065934065933,0.0,0.016483516483516484
OGG_EVT_070,Drought,DL,arrival,60,10,0,1,13.966666666666667,0.0,0.16666666666666666,0.0,0.016666666666666666
OGG_EVT_070,Drought,DL,departure,60,4,0,0,4.65,0.0,0.06666666666666667,0.0,0.0
OGG_EVT_070,Drought,HA,arrival,1081,85,6,11,5.812093023255814,0.0,0.0786308973172988,0.005550416281221091,0.010175763182238668
OGG_EVT_070,Drought,HA,departure,1082,85,5,7,4.195914577530177,0.0,0.07855822550831792,0.0046210720887245845,0.006469500924214418
OGG_EVT_070,Drought,UA,arrival,119,9,0,2,7.92436974789916,0.0,0.07563025210084033,0.0,0.01680672268907563
OGG_EVT_070,Drought,UA,departure,119,8,1,3,5.762711864406779,0.0,0.06722689075630252,0.008403361344537815,0.025210084033613446
OGG_EVT_070,Drought,WN,arrival,482,25,0,0,2.68125,0.0,0.05186721991701245,0.0,0.0
OGG_EVT_070,Drought,WN,departure,482,17,0,0,1.537344398340249,0.0,0.035269709543568464,0.0,0.0
OGG_EVT_071,Drought,AA,arrival,90,10,0,1,7.411111111111111,0.0,0.1111111111111111,0.0,0.011111111111111112
OGG_EVT_071,Drought,AA,departure,90,5,0,1,4.133333333333334,0.0,0.05555555555555555,0.0,0.011111111111111112
OGG_EVT_071,Drought,AS,arrival,188,30,0,2,9.611702127659575,0.0,0.1595744680851064,0.0,0.010638297872340425
OGG_EVT_071,Drought,AS,departure,188,32,0,3,11.797872340425531,0.0,0.1702127659574468,0.0,0.015957446808510637
OGG_EVT_071,Drought,DL,arrival,60,5,0,1,8.916666666666666,0.0,0.08333333333333333,0.0,0.016666666666666666
OGG_EVT_071,Drought,DL,departure,60,4,1,1,1.8135593220338984,0.0,0.06666666666666667,0.016666666666666666,0.016666666666666666
OGG_EVT_071,Drought,HA,arrival,1108,122,8,14,7.351818181818182,0.0,0.11010830324909747,0.007220216606498195,0.01263537906137184
OGG_EVT_071,Drought,HA,departure,1107,132,7,10,5.988181818181818,0.0,0.11924119241192412,0.006323396567299007,0.009033423667570008
OGG_EVT_071,Drought,UA,arrival,124,15,0,6,14.459677419354838,0.0,0.12096774193548387,0.0,0.04838709677419355
OGG_EVT_071,Drought,UA,departure,124,16,0,5,12.346774193548388,0.0,0.12903225806451613,0.0,0.04032258064516129
OGG_EVT_071,Drought,WN,arrival,496,31,4,6,3.2195121951219514,0.0,0.0625,0.008064516129032258,0.012096774193548387
OGG_EVT_071,Drought,WN,departure,496,20,4,5,1.6422764227642277,0.0,0.04032258064516129,0.008064516129032258,0.010080645161290322
OGG_EVT_072,Wildfire,AA,arrival,3,0,0,0,0.0,0.0,0.0,0.0,0.0
OGG_EVT_072,Wildfire,AA,departure,1,0,0,0,0.0,0.0,0.0,0.0,0.0
OGG_EVT_072,Wildfire,AS,arrival,4,0,0,0,0.0,0.0,0.0,0.0,0.0
OGG_EVT_072,Wildfire,AS,departure,4,1,0,0,4.25,0.0,0.25,0.0,0.0
OGG_EVT_072,Wildfire,DL,arrival,2,0,0,0,0.0,0.0,0.0,0.0,0.0
OGG_EVT_072,Wildfire,DL,departure,1,0,0,0,0.0,0.0,0.0,0.0,0.0
OGG_EVT_072,Wildfire,HA,arrival,13,1,0,0,6.153846153846154,0.0,0.07692307692307693,0.0,0.0
OGG_EVT_072,Wildfire,HA,departure,16,4,0,0,9.6875,1.5,0.25,0.0,0.0
OGG_EVT_072,Wildfire,UA,arrival,4,0,0,0,0.0,0.0,0.0,0.0,0.0
OGG_EVT_072,Wildfire,UA,departure,2,0,0,0,2.5,2.5,0.0,0.0,0.0
OGG_EVT_072,Wildfire,WN,arrival,7,0,0,0,0.0,0.0,0.0,0.0,0.0
OGG_EVT_072,Wildfire,WN,departure,7,0,0,0,0.8571428571428571,0.0,0.0,0.0,0.0
OGG_EVT_073,Drought | Thunderstorm Wind,AA,arrival,177,23,0,8,14.80225988700565,0.0,0.12994350282485875,0.0,0.04519774011299435
OGG_EVT_073,Drought | Thunderstorm Wind,AA,departure,177,16,0,6,37.42372881355932,0.0,0.0903954802259887,0.0,0.03389830508474576
OGG_EVT_073,Drought | Thunderstorm Wind,AS,arrival,375,46,0,4,7.318181818181818,0.0,0.12266666666666666,0.0,0.010666666666666666
OGG_EVT_073,Drought | Thunderstorm Wind,AS,departure,374,67,1,5,10.46112600536193,0.0,0.17914438502673796,0.00267379679144385,0.013368983957219251
OGG_EVT_073,Drought | Thunderstorm Wind,DL,arrival,247,40,3,7,9.487704918032787,0.0,0.16194331983805668,0.012145748987854251,0.02834008097165992
OGG_EVT_073,Drought | Thunderstorm Wind,DL,departure,247,28,6,11,8.46058091286307,0.0,0.11336032388663968,0.024291497975708502,0.044534412955465584
OGG_EVT_073,Drought | Thunderstorm Wind,HA,arrival,2202,198,14,26,5.636945587562871,0.0,0.08991825613079019,0.006357856494096276,0.011807447774750226
OGG_EVT_073,Drought | Thunderstorm Wind,HA,departure,2200,230,9,21,6.151528982199909,0.0,0.10454545454545454,0.004090909090909091,0.009545454545454546
OGG_EVT_073,Drought | Thunderstorm Wind,UA,arrival,336,34,0,3,5.661676646706587,0.0,0.10119047619047619,0.0,0.008928571428571428
OGG_EVT_073,Drought | Thunderstorm Wind,UA,departure,336,18,1,5,8.93731343283582,0.0,0.05357142857142857,0.002976190476190476,0.01488095238095238
OGG_EVT_073,Drought | Thunderstorm Wind,WN,arrival,979,55,2,6,3.0174002047082906,0.0,0.056179775280898875,0.0020429009193054137,0.006128702757916241
OGG_EVT_073,Drought | Thunderstorm Wind,WN,departure,979,56,1,3,2.7494887525562373,0.0,0.05720122574055159,0.0010214504596527069,0.0030643513789581204
OGG_EVT_074,Flash Flood | Flood | High Wind,AA,arrival,1,0,0,0,0.0,0.0,0.0,0.0,0.0
OGG_EVT_074,Flash Flood | Flood | High Wind,AA,departure,1,0,0,0,0.0,0.0,0.0,0.0,0.0
OGG_EVT_074,Flash Flood | Flood | High Wind,AS,arrival,2,0,0,0,0.0,0.0,0.0,0.0,0.0
OGG_EVT_074,Flash Flood | Flood | High Wind,AS,departure,3,2,0,1,102.0,19.0,0.6666666666666666,0.0,0.3333333333333333
OGG_EVT_074,Flash Flood | Flood | High Wind,DL,arrival,1,0,0,0,,,0.0,0.0,0.0
OGG_EVT_074,Flash Flood | Flood | High Wind,DL,departure,1,0,1,1,,,0.0,1.0,1.0
OGG_EVT_074,Flash Flood | Flood | High Wind,HA,arrival,23,5,4,7,57.75,5.0,0.21739130434782608,0.17391304347826086,0.30434782608695654
OGG_EVT_074,Flash Flood | Flood | High Wind,HA,departure,20,4,9,12,67.9090909090909,11.0,0.2,0.45,0.6
OGG_EVT_074,Flash Flood | Flood | High Wind,UA,arrival,3,1,0,1,66.0,0.0,0.3333333333333333,0.0,0.3333333333333333
OGG_EVT_074,Flash Flood | Flood | High Wind,UA,departure,2,0,0,0,0.0,0.0,0.0,0.0,0.0
OGG_EVT_074,Flash Flood | Flood | High Wind,WN,arrival,7,1,2,2,3.8,0.0,0.14285714285714285,0.2857142857142857,0.2857142857142857
OGG_EVT_074,Flash Flood | Flood | High Wind,WN,departure,7,2,1,1,28.428571428571427,5.0,0.2857142857142857,0.14285714285714285,0.14285714285714285
OGG_EVT_075,Flood,AA,arrival,1,0,0,0,0.0,0.0,0.0,0.0,0.0
OGG_EVT_075,Flood,AA,departure,1,1,0,0,28.0,28.0,1.0,0.0,0.0
OGG_EVT_075,Flood,AS,arrival,2,0,2,2,,,0.0,1.0,1.0
OGG_EVT_075,Flood,AS,departure,3,3,0,2,166.33333333333334,177.0,1.0,0.0,0.6666666666666666
OGG_EVT_075,Flood,DL,arrival,1,0,0,0,0.0,0.0,0.0,0.0,0.0
OGG_EVT_075,Flood,DL,departure,1,1,0,0,55.0,55.0,1.0,0.0,0.0
OGG_EVT_075,Flood,HA,arrival,27,19,6,11,71.28571428571429,54.0,0.7037037037037037,0.2222222222222222,0.4074074074074074
OGG_EVT_075,Flood,HA,departure,25,24,1,7,76.04166666666667,53.0,0.96,0.04,0.28
OGG_EVT_075,Flood,UA,arrival,2,1,0,0,24.5,24.5,0.5,0.0,0.0
OGG_EVT_075,Flood,UA,departure,2,1,0,0,18.0,18.0,0.5,0.0,0.0
OGG_EVT_075,Flood,WN,arrival,7,1,2,2,4.8,0.0,0.14285714285714285,0.2857142857142857,0.2857142857142857
OGG_EVT_075,Flood,WN,departure,10,2,3,3,22.857142857142858,1.0,0.2,0.3,0.3
OGG_EVT_076,Drought | High Surf,AA,arrival,117,19,0,7,18.128205128205128,0.0,0.1623931623931624,0.0,0.05982905982905983
OGG_EVT_076,Drought | High Surf,AA,departure,119,11,0,4,20.025210084033613,0.0,0.09243697478991597,0.0,0.03361344537815126
OGG_EVT_076,Drought | High Surf,AS,arrival,185,18,0,1,5.641304347826087,0.0,0.0972972972972973,0.0,0.005405405405405406
OGG_EVT_076,Drought | High Surf,AS,departure,185,33,1,7,13.309782608695652,0.0,0.1783783783783784,0.005405405405405406,0.03783783783783784
OGG_EVT_076,Drought | High Surf,DL,arrival,123,18,0,2,8.772357723577235,0.0,0.14634146341463414,0.0,0.016260162601626018
OGG_EVT_076,Drought | High Surf,DL,departure,124,15,3,3,4.959016393442623,0.0,0.12096774193548387,0.024193548387096774,0.024193548387096774
OGG_EVT_076,Drought | High Surf,HA,arrival,1159,154,17,28,8.108581436077058,0.0,0.13287316652286454,0.014667817083692839,0.024158757549611734
OGG_EVT_076,Drought | High Surf,HA,departure,1159,172,16,32,8.993875765529308,0.0,0.14840379637618636,0.013805004314063849,0.027610008628127698
OGG_EVT_076,Drought | High Surf,UA,arrival,189,16,0,0,4.994708994708994,0.0,0.08465608465608465,0.0,0.0
OGG_EVT_076,Drought | High Surf,UA,departure,190,13,2,3,4.042328042328043,0.0,0.06842105263157895,0.010526315789473684,0.015789473684210527
OGG_EVT_076,Drought | High Surf,WN,arrival,581,30,1,3,2.570689655172414,0.0,0.05163511187607573,0.0017211703958691911,0.0051635111876075735
OGG_EVT_076,Drought | High Surf,WN,departure,580,21,2,4,2.347750865051903,0.0,0.03620689655172414,0.0034482758620689655,0.006896551724137931
OGG_EVT_077,Drought,AA,arrival,87,13,0,1,9.425287356321839,0.0,0.14942528735632185,0.0,0.011494252873563218
OGG_EVT_077,Drought,AA,departure,87,12,0,2,33.5632183908046,0.0,0.13793103448275862,0.0,0.022988505747126436
OGG_EVT_077,Drought,AS,arrival,146,10,0,2,5.13013698630137,0.0,0.0684931506849315,0.0,0.0136986301369863
OGG_EVT_077,Drought,AS,departure,146,21,1,3,11.137931034482758,0.0,0.14383561643835616,0.00684931506849315,0.02054794520547945
OGG_EVT_077,Drought,DL,arrival,100,7,0,0,4.92,0.0,0.07,0.0,0.0
OGG_EVT_077,Drought,DL,departure,100,7,3,4,5.958762886597938,0.0,0.07,0.03,0.04
OGG_EVT_077,Drought,HA,arrival,1069,126,6,10,6.721542803386642,0.0,0.11786716557530402,0.005612722170252572,0.009354536950420954
OGG_EVT_077,Drought,HA,departure,1069,168,8,11,8.264844486333647,0.0,0.15715622076707203,0.007483629560336763,0.01028999064546305
OGG_EVT_077,Drought,UA,arrival,166,9,0,1,3.0060240963855422,0.0,0.05421686746987952,0.0,0.006024096385542169
OGG_EVT_077,Drought,UA,departure,166,6,1,1,1.8012048192771084,0.0,0.03614457831325301,0.006024096385542169,0.006024096385542169
OGG_EVT_077,Drought,WN,arrival,429,28,1,1,3.3021077283372366,0.0,0.06526806526806526,0.002331002331002331,0.002331002331002331
OGG_EVT_077,Drought,WN,departure,431,25,1,3,3.2581395348837208,0.0,0.058004640371229696,0.002320185614849188,0.0069605568445475635
OGG_EVT_078,Drought,AA,arrival,90,23,0,3,27.46067415730337,0.0,0.25555555555555554,0.0,0.03333333333333333
OGG_EVT_078,Drought,AA,departure,90,10,0,4,29.822222222222223,0.0,0.1111111111111111,0.0,0.044444444444444446
OGG_EVT_078,Drought,AS,arrival,150,22,1,2,7.12751677852349,0.0,0.14666666666666667,0.006666666666666667,0.013333333333333334
OGG_EVT_078,Drought,AS,departure,150,17,0,1,5.873333333333333,0.0,0.11333333333333333,0.0,0.006666666666666667
OGG_EVT_078,Drought,DL,arrival,90,5,0,0,3.2333333333333334,0.0,0.05555555555555555,0.0,0.0
OGG_EVT_078,Drought,DL,departure,90,7,0,1,14.333333333333334,0.0,0.07777777777777778,0.0,0.011111111111111112
OGG_EVT_078,Drought,HA,arrival,1126,86,2,6,5.109723461195362,0.0,0.0763765541740675,0.0017761989342806395,0.0053285968028419185
OGG_EVT_078,Drought,HA,departure,1126,132,4,12,6.888591800356506,0.0,0.1172291296625222,0.003552397868561279,0.010657193605683837
OGG_EVT_078,Drought,UA,arrival,144,19,0,2,8.195804195804195,0.0,0.13194444444444445,0.0,0.013888888888888888
OGG_EVT_078,Drought,UA,departure,143,4,1,3,3.4014084507042255,0.0,0.027972027972027972,0.006993006993006993,0.02097902097902098
OGG_EVT_078,Drought,WN,arrival,402,24,0,0,3.0945273631840795,0.0,0.05970149253731343,0.0,0.0
OGG_EVT_078,Drought,WN,departure,402,27,0,2,3.5771144278606966,0.0,0.06716417910447761,0.0,0.004975124378109453
OGG_EVT_079,Drought,AA,arrival,112,22,0,3,14.063063063063064,0.0,0.19642857142857142,0.0,0.026785714285714284
OGG_EVT_079,Drought,AA,departure,112,14,0,3,28.357142857142858,0.0,0.125,0.0,0.026785714285714284
OGG_EVT_079,Drought,AS,arrival,181,41,0,5,13.444444444444445,0.0,0.2265193370165746,0.0,0.027624309392265192
OGG_EVT_079,Drought,AS,departure,181,49,0,7,17.176795580110497,0.0,0.27071823204419887,0.0,0.03867403314917127
OGG_EVT_079,Drought,DL,arrival,87,9,0,3,8.67816091954023,0.0,0.10344827586206896,0.0,0.034482758620689655
OGG_EVT_079,Drought,DL,departure,87,6,2,2,4.811764705882353,0.0,0.06896551724137931,0.022988505747126436,0.022988505747126436
OGG_EVT_079,Drought,HA,arrival,1061,132,3,7,6.511363636363637,0.0,0.12441093308199812,0.002827521206409048,0.006597549481621112
OGG_EVT_079,Drought,HA,departure,1060,169,3,13,9.305293005671077,1.0,0.15943396226415094,0.002830188679245283,0.012264150943396227
OGG_EVT_079,Drought,UA,arrival,194,25,1,5,8.647368421052631,0.0,0.12886597938144329,0.005154639175257732,0.02577319587628866
OGG_EVT_079,Drought,UA,departure,194,18,1,3,4.16580310880829,0.0,0.09278350515463918,0.005154639175257732,0.015463917525773196
OGG_EVT_079,Drought,WN,arrival,417,51,1,1,6.024096385542169,0.0,0.1223021582733813,0.002398081534772182,0.002398081534772182
OGG_EVT_079,Drought,WN,departure,418,41,2,3,5.009615384615385,0.0,0.09808612440191387,0.004784688995215311,0.007177033492822967
OGG_EVT_080,Drought,AA,arrival,120,33,2,16,35.33050847457627,0.0,0.275,0.016666666666666666,0.13333333333333333
OGG_EVT_080,Drought,AA,departure,120,29,2,14,97.48305084745763,0.0,0.24166666666666667,0.016666666666666666,0.11666666666666667
OGG_EVT_080,Drought,AS,arrival,210,46,5,7,9.769607843137255,0.0,0.21904761904761905,0.023809523809523808,0.03333333333333333
OGG_EVT_080,Drought,AS,departure,210,50,7,15,16.362745098039216,0.0,0.23809523809523808,0.03333333333333333,0.07142857142857142
OGG_EVT_080,Drought,DL,arrival,90,13,2,4,9.181818181818182,0.0,0.14444444444444443,0.022222222222222223,0.044444444444444446
OGG_EVT_080,Drought,DL,departure,90,8,4,5,6.709302325581396,0.0,0.08888888888888889,0.044444444444444446,0.05555555555555555
OGG_EVT_080,Drought,HA,arrival,1076,167,7,16,10.250234301780694,0.0,0.15520446096654275,0.006505576208178439,0.01486988847583643
OGG_EVT_080,Drought,HA,departure,1075,184,9,13,8.873358348968106,0.0,0.17116279069767443,0.008372093023255815,0.012093023255813953
OGG_EVT_080,Drought,UA,arrival,251,39,3,7,12.475409836065573,0.0,0.1553784860557769,0.01195219123505976,0.027888446215139442
OGG_EVT_080,Drought,UA,departure,251,30,4,12,13.785425101214575,0.0,0.11952191235059761,0.01593625498007968,0.04780876494023904
OGG_EVT_080,Drought,WN,arrival,433,62,6,12,8.510588235294117,0.0,0.14318706697459585,0.013856812933025405,0.02771362586605081
OGG_EVT_080,Drought,WN,departure,433,47,7,13,7.187793427230047,0.0,0.10854503464203233,0.016166281755196306,0.03002309468822171
OGG_EVT_081,Drought | High Surf,AA,arrival,120,21,0,5,23.908333333333335,0.0,0.175,0.0,0.041666666666666664
OGG_EVT_081,Drought | High Surf,AA,departure,120,11,0,4,26.25,0.0,0.09166666666666666,0.0,0.03333333333333333
OGG_EVT_081,Drought | High Surf,AS,arrival,207,38,2,3,10.819512195121952,0.0,0.18357487922705315,0.00966183574879227,0.014492753623188406
OGG_EVT_081,Drought | High Surf,AS,departure,207,44,3,5,11.453658536585365,0.0,0.21256038647342995,0.014492753623188406,0.024154589371980676
OGG_EVT_081,Drought | High Surf,DL,arrival,70,8,0,1,8.157142857142857,0.0,0.11428571428571428,0.0,0.014285714285714285
OGG_EVT_081,Drought | High Surf,DL,departure,70,5,0,1,5.614285714285714,0.0,0.07142857142857142,0.0,0.014285714285714285
OGG_EVT_081,Drought | High Surf,HA,arrival,1077,105,3,5,4.778711484593837,0.0,0.09749303621169916,0.002785515320334262,0.004642525533890436
OGG_EVT_081,Drought | High Surf,HA,departure,1075,111,5,10,5.550467289719626,0.0,0.10325581395348837,0.004651162790697674,0.009302325581395349
OGG_EVT_081,Drought | High Surf,UA,arrival,215,26,0,1,7.153488372093023,0.0,0.12093023255813953,0.0,0.004651162790697674
OGG_EVT_081,Drought | High Surf,UA,departure,215,20,4,6,7.511848341232228,0.0,0.09302325581395349,0.018604651162790697,0.027906976744186046
OGG_EVT_081,Drought | High Surf,WN,arrival,394,24,1,3,4.270408163265306,0.0,0.06091370558375635,0.0025380710659898475,0.007614213197969543
OGG_EVT_081,Drought | High Surf,WN,departure,393,20,1,2,2.74234693877551,0.0,0.05089058524173028,0.002544529262086514,0.005089058524173028
OGG_EVT_082,Drought,AA,arrival,89,16,0,5,21.95505617977528,0.0,0.1797752808988764,0.0,0.056179775280898875
OGG_EVT_082,Drought,AA,departure,89,10,0,4,14.359550561797754,0.0,0.11235955056179775,0.0,0.0449438202247191
OGG_EVT_082,Drought,AS,arrival,195,24,1,3,7.134020618556701,0.0,0.12307692307692308,0.005128205128205128,0.015384615384615385
OGG_EVT_082,Drought,AS,departure,195,29,1,3,8.6340206185567,0.0,0.14871794871794872,0.005128205128205128,0.015384615384615385
OGG_EVT_082,Drought,DL,arrival,58,10,0,0,8.413793103448276,0.0,0.1724137931034483,0.0,0.0
OGG_EVT_082,Drought,DL,departure,58,8,1,1,9.052631578947368,0.0,0.13793103448275862,0.017241379310344827,0.017241379310344827
OGG_EVT_082,Drought,HA,arrival,1027,73,0,3,4.330087633885102,0.0,0.07108081791626096,0.0,0.0029211295034079843
OGG_EVT_082,Drought,HA,departure,1027,98,0,4,5.059396299902629,0.0,0.09542356377799416,0.0,0.0038948393378773127
OGG_EVT_082,Drought,UA,arrival,149,18,0,1,6.348993288590604,0.0,0.12080536912751678,0.0,0.006711409395973154
OGG_EVT_082,Drought,UA,departure,149,5,0,0,2.046979865771812,0.0,0.03355704697986577,0.0,0.0
OGG_EVT_082,Drought,WN,arrival,373,18,0,0,2.4075067024128685,0.0,0.04825737265415549,0.0,0.0
OGG_EVT_082,Drought,WN,departure,373,14,0,0,2.0241286863270775,0.0,0.03753351206434316,0.0,0.0
OGG_EVT_083,Drought,AA,arrival,90,14,0,3,13.444444444444445,0.0,0.15555555555555556,0.0,0.03333333333333333
OGG_EVT_083,Drought,AA,departure,90,6,0,2,24.72222222222222,0.0,0.06666666666666667,0.0,0.022222222222222223
OGG_EVT_083,Drought,AS,arrival,209,36,3,6,11.71219512195122,0.0,0.1722488038277512,0.014354066985645933,0.028708133971291867
OGG_EVT_083,Drought,AS,departure,209,37,6,9,10.94088669950739,0.0,0.17703349282296652,0.028708133971291867,0.0430622009569378
OGG_EVT_083,Drought,DL,arrival,73,10,0,2,11.0,0.0,0.136986301369863,0.0,0.0273972602739726
OGG_EVT_083,Drought,DL,departure,73,6,3,6,8.5,0.0,0.0821917808219178,0.0410958904109589,0.0821917808219178
OGG_EVT_083,Drought,HA,arrival,1063,154,8,20,10.586729857819906,0.0,0.14487300094073377,0.007525870178739417,0.01881467544684854
OGG_EVT_083,Drought,HA,departure,1063,190,7,19,10.159090909090908,0.0,0.17873941674506114,0.00658513640639699,0.017873941674506115
OGG_EVT_083,Drought,UA,arrival,154,9,0,0,2.668831168831169,0.0,0.05844155844155844,0.0,0.0
OGG_EVT_083,Drought,UA,departure,154,3,0,0,1.2987012987012987,0.0,0.01948051948051948,0.0,0.0
OGG_EVT_083,Drought,WN,arrival,402,44,0,5,6.776119402985074,0.0,0.10945273631840796,0.0,0.012437810945273632
OGG_EVT_083,Drought,WN,departure,402,26,1,4,4.1546134663341645,0.0,0.06467661691542288,0.0024875621890547263,0.009950248756218905
OGG_EVT_084,Drought | High Surf,AA,arrival,97,21,0,6,20.583333333333332,0.0,0.21649484536082475,0.0,0.061855670103092786
OGG_EVT_084,Drought | High Surf,AA,departure,97,14,0,4,29.77319587628866,0.0,0.14432989690721648,0.0,0.041237113402061855
OGG_EVT_084,Drought | High Surf,AS,arrival,204,39,0,0,8.105527638190955,0.0,0.19117647058823528,0.0,0.0
OGG_EVT_084,Drought | High Surf,AS,departure,204,47,1,2,11.458128078817735,0.0,0.23039215686274508,0.004901960784313725,0.00980392156862745
OGG_EVT_084,Drought | High Surf,DL,arrival,105,11,0,3,10.228571428571428,0.0,0.10476190476190476,0.0,0.02857142857142857
OGG_EVT_084,Drought | High Surf,DL,departure,105,7,1,4,8.836538461538462,0.0,0.06666666666666667,0.009523809523809525,0.0380952380952381
OGG_EVT_084,Drought | High Surf,HA,arrival,1031,115,22,25,7.0198216055500495,0.0,0.11154219204655674,0.02133850630455868,0.02424830261881668
OGG_EVT_084,Drought | High Surf,HA,departure,1028,155,17,23,8.155291790306627,0.0,0.1507782101167315,0.016536964980544747,0.02237354085603113
OGG_EVT_084,Drought | High Surf,UA,arrival,164,12,0,4,9.895705521472392,0.0,0.07317073170731707,0.0,0.024390243902439025
OGG_EVT_084,Drought | High Surf,UA,departure,165,12,2,6,10.423312883435583,0.0,0.07272727272727272,0.012121212121212121,0.03636363636363636
OGG_EVT_084,Drought | High Surf,WN,arrival,383,9,4,4,1.0474934036939314,0.0,0.02349869451697128,0.010443864229765013,0.010443864229765013
OGG_EVT_084,Drought | High Surf,WN,departure,383,6,5,5,0.5185185185185185,0.0,0.015665796344647518,0.013054830287206266,0.013054830287206266
OGG_EVT_085,Drought,AA,arrival,118,27,0,7,22.60169491525424,0.0,0.2288135593220339,0.0,0.059322033898305086
OGG_EVT_085,Drought,AA,departure,118,14,0,1,8.466101694915254,0.0,0.11864406779661017,0.0,0.00847457627118644
OGG_EVT_085,Drought,AS,arrival,214,49,1,4,14.48076923076923,0.0,0.22897196261682243,0.004672897196261682,0.018691588785046728
OGG_EVT_085,Drought,AS,departure,214,58,8,13,15.951923076923077,0.5,0.27102803738317754,0.037383177570093455,0.06074766355140187
OGG_EVT_085,Drought,DL,arrival,139,28,0,3,15.007299270072993,0.0,0.2014388489208633,0.0,0.02158273381294964
OGG_EVT_085,Drought,DL,departure,139,17,3,7,19.1294964028777,0.0,0.1223021582733813,0.02158273381294964,0.050359712230215826
OGG_EVT_085,Drought,HA,arrival,1055,228,3,17,12.080875356803045,1.0,0.2161137440758294,0.002843601895734597,0.016113744075829384
OGG_EVT_085,Drought,HA,departure,1056,253,5,20,14.121788772597526,2.0,0.23958333333333334,0.004734848484848485,0.01893939393939394
OGG_EVT_085,Drought,UA,arrival,210,17,0,1,4.314285714285714,0.0,0.08095238095238096,0.0,0.004761904761904762
OGG_EVT_085,Drought,UA,departure,210,19,0,1,5.314285714285714,0.0,0.09047619047619047,0.0,0.004761904761904762
OGG_EVT_085,Drought,WN,arrival,408,57,1,3,7.073710073710074,0.0,0.13970588235294118,0.0024509803921568627,0.007352941176470588
OGG_EVT_085,Drought,WN,departure,408,41,1,3,5.9041769041769046,0.0,0.10049019607843138,0.0024509803921568627,0.007352941176470588
