event_id,start_dt,end_dt,event_types,event_cancel_rate,event_severe_rate,recovery_hours_after_event,z__duration_hours,z__month,z__pre_scheduled,z__event_scheduled,z__baseline_cancel_rate,z__baseline_severe_rate,z__event_HourlyDryBulbTemperature_num_mean,z__event_HourlyDryBulbTemperature_num_max,z__event_HourlyDryBulbTemperature_num_min,z__event_HourlyDewPointTemperature_num_mean,z__event_HourlyDewPointTemperature_num_max,z__event_HourlyDewPointTemperature_num_min,z__event_HourlyRelativeHumidity_num_mean,z__event_HourlyRelativeHumidity_num_max,z__event_HourlyRelativeHumidity_num_min,z__event_HourlyStationPressure_num_mean,z__event_HourlyStationPressure_num_max,z__event_HourlyStationPressure_num_min,z__event_HourlySeaLevelPressure_num_mean,z__event_HourlySeaLevelPressure_num_max,z__event_HourlySeaLevelPressure_num_min,z__event_HourlyVisibility_num_mean,z__event_HourlyVisibility_num_min,z__event_HourlyWindDirection_num_mean,z__event_HourlyWindDirection_num_max,z__event_HourlyWindDirection_num_min,z__event_HourlyWindSpeed_num_mean,z__event_HourlyWindSpeed_num_max,z__event_HourlyWindSpeed_num_min,z__event_HourlyWindGustSpeed_num_mean,z__event_HourlyWindGustSpeed_num_max,z__event_HourlyWindGustSpeed_num_min,z__event_HourlyPrecipitation_num_mean,z__event_HourlyPrecipitation_num_max
OGG_EVT_001,2020-01-01 00:00:00,2020-02-04 02:00:00,Drought | Heavy Rain | High Surf,0.0024832855778414,0.0085959885386819,4.0,0.3148718071836826,-1.0914293977677232,-2.1581487767732015,0.3943420066329034,-0.33069434716681945,-0.35061965657864086,-0.3325007253734698,0.4205723819514675,-1.832582362232732,-0.4784243748988152,0.42090219278486973,-1.8759022987543956,-0.05232486382477273,0.5411906405289277,-1.054877552473706,0.3001856944636058,1.350101366949785,-1.1042281411190307,0.30728681261229823,1.2262157228365993,-1.1239637070848305,0.14394044860777164,-1.498356250679123,-0.034934320003106596,0.7308359341802948,-0.4902950710075052,-0.3655315489587974,0.2583002038141354,-0.5958849339714303,-0.27964058338022635,0.37560525373251297,-0.8860658862372403,-0.13914636850809384,0.37166507681122096
OGG_EVT_002,2020-02-05 23:18:00,2020-02-09 06:00:00,Heavy Rain | High Surf,0.0021141649048625,0.0063424947145877,1.0,-0.3432626178419967,-0.7715276777323561,0.4057395108812666,-0.30522372383995333,-0.36639947696675457,-0.38989496023888076,-1.5360726890317,-0.818242307460034,-1.644908264895645,-1.8094856485704722,-0.7816755008861818,-1.0855593228231755,0.1046488498750063,0.2257538100492095,-0.7054442244913793,-1.9665922201848027,-1.4947337400361889,-1.5749372283563206,-1.9570087959060924,-1.5126310741562492,-1.5955180758025223,-0.4959871878844335,-1.1690131219580517,2.6491864990739513,0.7308359341802948,-0.4902950710075052,-0.6316528364839346,0.2583002038141354,-0.5958849339714303,-0.11258916142674345,-0.4085530830072951,0.3189837190454067,0.2883819550072615,0.6024707866117965
OGG_EVT_003,2020-02-10 02:00:00,2020-02-12 12:00:00,Heavy Rain | High Surf,0.0116618075801749,0.0174927113702623,1.0,-0.36169002565754055,-0.7715276777323561,0.5837873086350491,-0.3243214863266126,-0.36639947696675457,-0.43083768319770244,-1.830425879841646,-0.818242307460034,-1.081885972884384,-1.4728463242755603,-1.3829643477217075,-0.8879735788403704,0.5767033534251582,0.2257538100492095,0.27296909385913515,-3.062299821137947,-2.2059425167826823,-2.422213585383429,-3.0578306618253683,-2.1212636957102395,-2.4443159394944143,-0.11802275282256346,-0.8396699932369807,1.744806086859278,0.7308359341802948,-0.4902950710075052,-1.3011146724471547,-1.4206511209777444,-0.5958849339714303,-1.815770034221154,-1.7528245174183947,0.07797379798887731,0.049922752223258926,0.31396364936107723
OGG_EVT_004,2020-02-13 07:00:00,2020-02-14 20:00:00,High Surf,0.0069204152249134,0.0173010380622837,1.0,-0.38038449735446905,-0.7715276777323561,0.4057395108812666,-0.3322544030518403,-0.36639947696675457,-0.43083768319770244,0.5958153905096636,0.5975459090102535,0.23183270847522497,0.4159490547875095,0.42090219278486973,0.6927123730220697,-0.275513620869435,-0.19482863059041483,-0.07646423412319144,-0.7510319369167179,-0.9867274709315456,-0.16280996664445085,-0.7513350563140422,-1.0054372228612691,-0.18085496964938017,0.33157950205594733,0.14835939292623293,-0.5404562450810239,-0.918030805178035,-0.4902950710075052,-0.4489817920401207,-0.2583002038141354,-0.5958849339714303,-0.4303734332898514,-0.07248522440452021,-0.16303612306765208,-0.25204764345909686,-0.49385633494093734
OGG_EVT_005,2020-02-19 08:00:00,2020-02-21 15:00:00,High Surf,0.0,0.0,1.0,-0.3643606644713875,-0.7715276777323561,0.4413490704320231,-0.31800453411948687,-0.36639947696675457,-0.43083768319770244,-0.1297669466743836,-0.1103481992248903,0.419506805812312,-1.4739572578514528,-0.7816755008861818,-0.6903878348575654,-0.8896678945773808,-0.037110215350555704,-0.5656708932984487,1.566762590116776,1.350101366949785,1.0610336601724761,1.5829491573150298,1.3276544930955736,1.0451863890166786,0.11226098997787197,0.14835939292623293,-0.6845413465027501,-1.5775775009213668,0.5079104627802299,1.1345115723447297,1.162350917163609,1.1357464980822987,1.1601709304785142,0.9357183514038044,0.3189837190454067,-0.24255643168413654,-0.43615490749079344
OGG_EVT_006,2020-02-25 06:00:00,2020-02-26 15:00:00,High Surf,0.0,0.0,1.0,-0.383945349106265,-0.7715276777323561,0.5125681895335361,-0.34004041391178597,-0.32653763056324486,-0.3129226410762954,0.08320409947387325,0.06662532783389565,0.419506805812312,-1.1714130140166734,-1.0823199243039447,-0.6903878348575654,-0.8189360483752919,-0.510265461070133,-0.7054442244913793,1.7077905503865884,1.0452976054869918,1.531742747409766,1.7228253009585839,1.0233381823186145,1.6110516314779624,0.4555384275278677,1.116628191366182,-0.7362784678626751,-1.6600208378892833,0.5079104627802299,0.4241683199185886,0.2583002038141354,0.7894202116715529,-0.36798172527178413,-0.2965304634730368,-0.8860658862372403,-0.22357400813421224,-0.43615490749079344
OGG_EVT_007,2020-02-28 04:00:00,2020-03-04 15:39:00,Flash Flood | Heavy Rain | High Surf,0.0011235955056179,0.0101123595505617,1.0,-0.29612584277759835,-0.7715276777323561,0.6193968681858056,-0.24396397801736172,-0.2897420800369276,-0.35525111773526213,-0.7686117676898636,0.5975459090102535,-0.894211875547297,-0.6219002491568044,0.7215466162026326,-1.0855593228231755,0.20690354548243564,0.2257538100492095,-0.2861242309125874,1.0355572731007507,1.146898859307935,0.3078991205928056,1.041224373639345,1.2262157228365993,0.38501027281187,0.13385654576992817,-0.5202071583775416,-0.2906228640254142,0.7308359341802948,-0.4902950710075052,-0.4371053464261266,0.0,-0.5958849339714303,-0.1998140578771313,-0.2965304634730368,-0.8860658862372403,0.06238701760175094,1.1794850611132353
OGG_EVT_008,2020-03-05 15:26:00,2020-03-05 21:25:00,Heavy Rain,0.0,0.0,8.0,-0.4079959353131865,-0.451625957696989,0.45915385020740135,-0.36427988168331504,-0.36639947696675457,-0.3907305260135508,-0.2761028802241078,-0.4642952533424622,0.607180903149399,-0.33941634347103267,-1.3829643477217075,0.8902981170048747,-0.03715408399776716,-0.510265461070133,0.3428557594556005,0.3426398949752784,0.2324875749195913,0.6844663903826576,0.35761796834533016,0.21182802024663935,0.7622537677860703,0.4597642999871379,1.116628191366182,-0.7982966838518158,-1.7424641748571998,0.5079104627802299,0.6828794642026506,-0.2583002038141354,1.1357464980822987,-0.37610016438738775,-0.74462094161007,1.042013482214995,-0.25204764345909686,-0.49385633494093734
OGG_EVT_009,2020-03-07 07:00:00,2020-03-08 20:00:00,High Surf,0.0,0.0031645569620253,1.0,-0.38038449735446905,-0.451625957696989,0.7974446659395881,-0.32828794468922645,-0.2943599955146281,-0.28877136738877873,-0.5474340903475552,-0.818242307460034,0.04415861113813796,-2.657595264433129,-1.9842531945572333,-1.4807308107887855,-1.3657932957506755,-0.19482863059041483,-0.4957842277019833,1.9625810652739069,1.6549051284125782,1.4376009299622947,1.9706405496680777,1.6319708038725687,1.4224298839908454,0.33576268893482153,0.14835939292623293,-0.7619259297334071,-1.6600208378892833,0.5079104627802299,0.7644550502381658,0.2583002038141354,1.1357464980822987,0.251613037787156,0.039537395129738084,0.5599936401019361,-0.22651955661609802,-0.3784534800406495
OGG_EVT_010,2020-03-12 06:00:00,2020-03-14 20:07:00,Heavy Rain | High Surf,0.0,0.0161290322580645,8.0,-0.3580253157296506,-0.451625957696989,0.5481777490842926,-0.3018448889384675,-0.36639947696675457,-0.43083768319770244,-0.3717406392647065,-0.4642952533424622,0.23183270847522497,0.6839557795587884,0.12025776936710686,0.6927123730220697,0.7818062324380189,0.43604503036902165,0.5525157562449964,-0.4835750218940073,-0.3771199480059591,-0.35109360153939356,-0.4678638932854585,-0.2953658310483406,-0.3694767171364635,0.45939910113262955,1.116628191366182,1.6390597393031088,0.7308359341802948,-0.4902950710075052,-1.254993901841029,-1.0332008152565415,-0.5958849339714303,-1.815770034221154,-1.7528245174183947,0.07797379798887731,-0.25204764345909686,-0.49385633494093734
OGG_EVT_011,2020-03-15 11:52:00,2020-03-15 21:39:00,Heavy Rain,0.0218978102189781,0.0364963503649635,7.0,-0.40461312614898043,-0.451625957696989,0.7974446659395881,-0.3545840945747034,-0.36639947696675457,-0.28877136738877873,0.5846369511412806,0.06662532783389565,0.9825290978235729,1.1348233710045745,0.12025776936710686,1.4830553489532898,0.26324423644323885,-0.19482863059041483,0.3428557594556005,-0.19514672685341813,-0.4787212018269022,0.40204093804027696,-0.17156663289559032,-0.39680460130731493,0.38501027281187,0.2373581975937041,0.4777025216473041,0.48706124360939634,0.7308359341802948,-0.4902950710075052,-1.601236944791771,-1.4206511209777444,-0.5958849339714303,-2.5870217502035286,-2.0888923760211697,-0.6450559651807108,0.3873148951997304,0.6024707866117965
OGG_EVT_012,2020-03-17 13:33:00,2020-03-17 20:07:00,Heavy Rain,0.0357142857142857,0.2023809523809523,8.0,-0.4074766444327163,-0.451625957696989,0.6728112075119403,-0.36237010543464915,-0.14076638411669792,0.23660595145177102,-0.8238464092748116,-0.1103481992248903,0.7948550004864859,1.0083209532607968,-0.18038665405065601,1.0878838609876798,1.580933487459826,0.5411906405289277,0.7621757530343923,0.31161374371591444,0.2324875749195913,0.40204093804027696,0.30919584797031074,0.31326679050564976,0.47932114655542846,-1.739098002986358,-0.8396699932369807,1.7866063446628948,0.7308359341802948,0.5079104627802299,-0.8888101600816064,0.7749006114424061,0.26993078205543414,-1.5586861288936957,-1.6408018978841363,0.3189837190454067,2.0383003979865144,1.2371864885633792
OGG_EVT_013,2020-03-24 04:00:00,2020-03-28 19:00:00,High Surf,0.3846153846153846,0.3873144399460189,,-0.31450873994624473,-0.451625957696989,0.6906159872873187,-0.26585295194437886,-0.10480610994371967,-0.17289852855712462,-0.6390950597138628,0.4205723819514675,-0.894211875547297,-1.2869012736644194,0.7215466162026326,-0.4928020908747604,-0.37573011740451956,-0.08968302043050874,-0.7054442244913793,0.9730503749591466,1.350101366949785,0.21375730314536767,0.97539908653615,1.3276544930955736,0.19638852532478662,0.33497464745057604,-0.18098373579483826,-0.520833825933446,-0.25848410943470307,-0.4902950710075052,0.7175261737772851,0.7749006114424061,-0.5958849339714303,0.3581012240625001,0.15156001466399638,0.07797379798887731,-0.2323059229671763,-0.43615490749079344
OGG_EVT_014,2020-03-29 10:24:00,2020-03-29 12:03:00,Heavy Rain,0.6101694915254238,0.6101694915254238,4.0,-0.4118535247109655,-0.451625957696989,0.6193968681858056,-0.36604275206669895,3.2748268772000317,3.1595241762682154,1.0317745258765492,-0.28732172628367625,2.108573681846095,-0.208048448121721,-0.7816755008861818,0.4951266290392647,-1.0428354176480916,-2.087449613468724,-0.07646423412319144,0.31161374371591444,-0.3771199480059591,0.8727500252775668,0.29536095643464144,-0.39680460130731493,0.8565646415295952,0.4696246690587683,1.1363887790894465,-0.5173906467245312,-1.6600208378892833,1.0070132296740975,0.8786608706878867,-0.38745030572120304,2.347888500519909,0.17663023206664702,-0.5205757025415534,1.042013482214995,-0.25204764345909686,-0.49385633494093734
OGG_EVT_015,2020-04-04 19:33:00,2020-04-05 04:05:00,Heavy Rain,0.75,0.75,7.0,-0.4057258923214166,-0.13172423766162186,-0.6981568351921849,-0.37235970427382475,3.7899271907163086,3.6674290246804673,-0.21573930763484825,-1.172189361577606,1.357877292497747,0.9304733115723136,-0.18038665405065601,1.4830553489532898,0.7961247353125012,-0.7205566813899452,1.321269077806115,-0.482655728523398,-1.0883287247524527,0.3078991205928056,-0.48907739364022224,-1.0561566079907565,0.2906993990683451,0.059433315678959875,0.8070456503683753,2.40403213939923,0.4010625863086289,-0.4902950710075052,-1.9699585936722988,-2.066401630513083,-0.5958849339714303,0.0888234052470574,0.039537395129738084,-0.16303612306765208,-0.25204764345909686,-0.49385633494093734
OGG_EVT_016,2020-04-05 15:09:00,2020-04-06 09:30:00,Heavy Rain,0.7551020408163265,0.7551020408163265,1.0,-0.3969869686472175,-0.13172423766162186,-0.7159616149675632,-0.36751181071951894,4.136512801948274,4.009173162114537,-0.500531547543157,-0.818242307460034,-0.14351548619894905,0.728368857188756,0.42090219278486973,0.4951266290392647,0.922312123430864,-0.19482863059041483,1.1814957466131843,-1.1251357222939076,-1.3423318593047924,-0.4452354189868315,-1.1030273110980202,-1.3097535336382644,-0.3694767171364635,0.45748883020137615,1.116628191366182,0.9833940551303324,-0.17604077246678657,-0.4902950710075052,-1.8585137930576257,-2.1955517324201503,-0.5958849339714303,0.0888234052470574,0.039537395129738084,-0.16303612306765208,0.056416739227179526,0.0831579395605016
OGG_EVT_017,2020-04-06 16:29:00,2020-04-06 20:00:00,Flash Flood | Heavy Rain,0.6111111111111112,0.6111111111111112,12.0,-0.41019179389346067,-0.13172423766162186,-0.8940094127213457,-0.3720658925432607,4.18121961977172,4.053255467898056,-0.9669304331900966,-1.3491628886363918,0.607180903149399,1.420913454209746,0.12025776936710686,1.8782268369189,2.0499612032401786,0.856627471008646,2.0900223993672333,-1.3265670427775957,-1.4947337400361889,-0.35109360153939356,-1.3233213532435306,-1.5126310741562492,-0.3694767171364635,-3.808460792152447,-1.1690131219580517,1.1374012810798368,0.4835059232765454,-0.4902950710075052,-1.2847236709739722,-1.6789513247918797,-0.5958849339714303,0.0888234052470574,0.039537395129738084,-0.16303612306765208,7.965443511303338,2.102707900315538
OGG_EVT_018,2020-04-12 18:14:00,2020-04-12 23:41:00,Heavy Rain,0.1666666666666666,0.1666666666666666,35.0,-0.40847071554675934,-0.13172423766162186,-1.6774197228379886,-0.3738287629266447,2.7339663544173627,2.626218964394331,-1.047415196642444,-1.7031099427539638,0.7948550004864859,0.5801589239741491,-0.4810310774684189,1.2854696049704848,1.3603511458799566,0.12060819988930342,1.6707024057884414,1.1803459789776651,0.2324875749195913,1.7200263823046753,1.1669591231844605,0.21182802024663935,1.7053625052214874,-2.817165021484575,-0.5103268645159095,-1.028128896046867,-1.9073508487930328,0.5079104627802299,-1.4217706555136376,-1.8081014266989475,-0.0763955043553116,0.0888234052470574,0.039537395129738084,-0.16303612306765208,-0.25204764345909686,-0.49385633494093734
OGG_EVT_019,2020-04-13 10:29:00,2020-04-14 17:27:00,Heavy Rain,0.3055555555555556,0.3055555555555556,17.0,-0.38575544874676126,-0.13172423766162186,-1.6596149430626104,-0.36942158696818483,2.623239003296501,2.5170383698374725,0.901578584997751,0.2435988548926816,1.17020319516066,1.1674506914181293,0.12025776936710686,1.4830553489532898,-0.034849237549371304,-0.405119850910227,0.20308242826266984,0.8408833828460182,0.3340888287404983,1.1551754776199141,0.852011886459714,0.31326679050564976,1.139497262760237,0.46034432169723327,1.116628191366182,2.0903787674624548,0.6483925972123784,-0.4902950710075052,-1.6233103386602041,-1.2915010190706768,-0.5958849339714303,-0.7874344129113212,-1.3047340392813616,1.042013482214995,-0.25204764345909686,-0.49385633494093734
OGG_EVT_020,2020-04-15 14:00:00,2020-04-16 15:00:00,High Surf,0.0,0.0,20.0,-0.3910670526098568,-0.13172423766162186,-1.8732723003671494,-0.3720658925432607,-0.36639947696675457,-0.43083768319770244,0.9781180169083163,0.06662532783389565,1.357877292497747,-0.5058156775801613,-1.0823199243039447,0.29754088505645965,-1.1891163389063206,-2.087449613468724,-0.2861242309125874,0.8762896966361009,0.5372913363823846,1.0610336601724761,0.8494483624398728,0.5161443310236346,1.0451863890166786,0.461736373801464,1.116628191366182,-0.5480349416838713,-1.6600208378892833,0.7574618462271636,0.6535122532298654,-0.2583002038141354,0.7894202116715529,0.2041749362088748,-0.5205757025415534,1.042013482214995,-0.25204764345909686,-0.49385633494093734
OGG_EVT_021,2020-04-18 15:00:00,2020-04-20 03:00:00,High Surf,0.0,0.0,8.0,-0.38127471029241805,-0.13172423766162186,-1.8732723003671494,-0.3711844573515688,0.38101014309905945,0.30613133006109133,0.6868398253664841,0.06662532783389565,1.17020319516066,-0.7084975732619567,-1.6836087711394705,0.4951266290392647,-1.0801519791935579,-1.5617215626691938,-0.21623756531612207,0.5376614171768879,0.02928506727774116,0.8727500252775668,0.5354951452331134,-0.09248829053031976,0.8565646415295952,0.4583556758340502,1.116628191366182,-0.15987387219889612,0.7308359341802948,-0.4902950710075052,-0.7924732775253788,-0.7749006114424061,-0.5958849339714303,-1.815770034221154,-1.7528245174183947,0.07797379798887731,-0.25204764345909686,-0.49385633494093734
OGG_EVT_022,2020-04-22 06:00:00,2020-04-24 18:00:00,High Surf,0.0,0.0,17.0,-0.3599095997816426,-0.13172423766162186,-1.8732723003671494,-0.3685401517764929,-0.36639947696675457,-0.43083768319770244,1.272110972296754,0.5975459090102535,0.9825290978235729,-0.310223477837854,-0.4810310774684189,0.09995514107365465,-1.2670457582671044,-0.7205566813899452,-0.6355575588949139,0.714953710087514,0.3340888287404983,0.9668918427250048,0.7389421662983373,0.31326679050564976,1.0451863890166786,0.4597642999871379,1.116628191366182,-0.3173514990732829,0.7308359341802948,0.2583590793332961,0.5115707335280689,-0.1291501019070677,0.26993078205543414,-0.0062948544163516605,-0.6325983220758117,0.07797379798887731,-0.25204764345909686,-0.49385633494093734
OGG_EVT_023,2020-05-07 02:51:00,2020-05-07 08:10:00,Heavy Rain,0.0,0.0,30.0,-0.4085894106051525,0.18817748237374526,-1.8732723003671494,-0.37426948052249065,-0.36639947696675457,-0.43083768319770244,-0.24256756211896277,-1.172189361577606,1.357877292497747,-0.47078423882034437,-1.3829643477217075,0.6927123730220697,-0.25918762519329336,-2.087449613468724,0.9718357498237883,0.68392755882815,-0.17391744036410897,1.3434591125148567,0.7311600398095509,-0.09248829053031976,1.3281190102473204,0.43018319277224903,1.116628191366182,-1.5388671453692029,-2.072237522728866,-0.24074368756057143,0.14448059636825125,-0.38745030572120304,0.7894202116715529,0.0888234052470574,0.039537395129738084,-0.16303612306765208,-0.25204764345909686,-0.49385633494093734
OGG_EVT_024,2020-05-08 05:03:00,2020-05-08 07:55:00,Heavy Rain,0.0,0.0,7.0,-0.4107704323031275,0.18817748237374526,-1.9088818599179058,-0.37426948052249065,-0.36639947696675457,-0.43083768319770244,-1.5839802863247647,-2.2340305239303215,0.607180903149399,0.5801589239741491,-0.7816755008861818,1.4830553489532898,1.935026193680142,0.12060819988930342,2.43945572734956,0.9321367689028855,0.02928506727774116,1.531742747409766,0.9179310755416613,0.008950479728654596,1.5167407577344039,-1.2000644937372495,0.29985723213792564,-0.5173906467245312,-1.6600208378892833,1.0070132296740975,-0.442863623087457,-1.4206511209777444,1.1357464980822987,0.0888234052470574,0.039537395129738084,-0.16303612306765208,-0.25204764345909686,-0.49385633494093734
OGG_EVT_025,2020-05-15 20:00:00,2020-05-16 22:00:00,High Surf,0.0,0.0,20.0,-0.3901768396719078,0.18817748237374526,-1.8554675205917712,-0.37235970427382475,-0.36639947696675457,-0.43083768319770244,1.4714598076995613,0.5975459090102535,1.920899584509008,0.5996208343962699,-0.18038665405065601,1.0878838609876798,-0.9267394483955279,-1.8771583931489122,-0.07646423412319144,0.7528745616267122,0.13088632109864817,0.9668918427250048,0.7519123771130549,0.21182802024663935,0.9508755152731537,0.44771273778847825,1.116628191366182,-0.9940796794253781,-1.7836858433411582,0.2583590793332961,0.9058527326997251,-0.1291501019070677,1.7418174993011037,-0.14472464959267572,-0.5205757025415534,0.8010035611584655,-0.25204764345909686,-0.49385633494093734
OGG_EVT_026,2020-05-17 22:00:00,2020-05-18 22:00:00,High Surf,0.0,0.0,44.0,-0.3919572655478058,0.18817748237374526,-1.8732723003671494,-0.3720658925432607,-0.36639947696675457,-0.43083768319770244,1.3305437235405677,0.4205723819514675,1.5455513898348339,0.8667797865544637,0.42090219278486973,0.8902981170048747,-0.6343886894595304,-1.772012782989006,0.20308242826266984,0.6105930194878071,0.02928506727774116,0.9668918427250048,0.6066460159881735,-0.09248829053031976,0.9508755152731537,0.45886790279880874,1.116628191366182,-0.8331197463056115,-1.6600208378892833,0.2583590793332961,0.5716400286996758,0.1291501019070677,0.26993078205543414,0.3694431610622407,-0.2965304634730368,1.042013482214995,-0.25204764345909686,-0.49385633494093734
OGG_EVT_027,2020-06-02 08:00:00,2020-06-04 20:00:00,High Surf,0.0377358490566037,0.0566037735849056,69.0,-0.3599095997816426,0.5080792024091124,-1.8198579610410146,-0.36692418725839093,-0.36639947696675457,-0.43083768319770244,2.167910454408433,1.4824135443041833,1.7332254871719208,0.8614719928029763,0.42090219278486973,0.8902981170048747,-1.2074806104062719,-1.5617215626691938,-0.5656708932984487,-0.23716130668379123,-0.6819237094687524,0.21375730314536767,-0.24744236616177676,-0.70112091208431,0.2906993990683451,0.4552823140454873,1.116628191366182,-0.47405528011536324,0.07128923843696292,-0.4902950710075052,0.5716400286996758,0.1291501019070677,-0.5958849339714303,0.5078729562385648,-0.2965304634730368,1.042013482214995,-0.25204764345909686,-0.49385633494093734
OGG_EVT_028,2020-06-28 06:00:00,2020-06-29 20:00:00,High Surf,0.0,0.0,10.0,-0.3794942844165201,0.5080792024091124,-1.695224502613367,-0.365308222740289,-0.36639947696675457,-0.43083768319770244,2.3105879896194135,1.4824135443041833,1.7332254871719208,0.37580886454188817,-0.18038665405065601,1.0878838609876798,-1.6088032677543347,-2.087449613468724,-0.6355575588949139,-0.7143176579265491,-0.7835249632896955,-0.16280996664445085,-0.7235788051704846,-0.9039984526022948,-0.08654409590582171,0.4564775102965952,1.116628191366182,-0.09518036061806681,0.4010625863086289,-0.24074368756057143,-0.17855872433238837,-0.1291501019070677,-0.0763955043553116,-0.8731290480204736,-0.8566435611443283,-0.16303612306765208,-0.25204764345909686,-0.49385633494093734
OGG_EVT_029,2020-07-21 02:00:00,2021-03-23 18:00:00,Debris Flow | Drought | Flash Flood | Heavy Rain | High Surf | Wildfire,0.0373240640492335,0.0443330104279446,1.0,4.835373106088592,0.8279809224444795,-1.2679097880042889,2.2033408317153813,-0.36639947696675457,-0.43083768319770244,0.8300160204980398,2.190307652539327,-1.644908264895645,0.045450865435051786,1.9241243098736842,-1.8759022987543956,-0.6715606749428776,1.1720643014883643,-1.4741975460524979,-0.08248327930139282,1.350101366949785,-1.29251177601394,-0.07855570595562915,1.3276544930955736,-1.2182745808283555,0.2965466538573399,-1.8276993794001941,-0.18073396639360204,0.7308359341802948,-0.4902950710075052,0.0034635478332237287,1.0332008152565415,-0.5958849339714303,0.13268460464269793,1.1597635904723211,-1.368085728350299,-0.16857410256211144,2.9105278846175517
OGG_EVT_030,2021-04-06 06:00:00,2021-04-08 15:00:00,High Surf,0.0125786163522012,0.0220125786163522,1.0,-0.3625802385954895,-0.13172423766162186,-0.03937998350318966,-0.3279941329586625,-0.36639947696675457,-0.43083768319770244,-0.7383070471515403,-0.6412687804012481,0.04415861113813796,-1.247568315668449,-0.4810310774684189,-0.4928020908747604,-0.21148732478300103,1.1720643014883643,-0.07646423412319144,0.7270943779716148,0.3340888287404983,0.8727500252775668,0.733866866414302,0.31326679050564976,0.8565646415295952,0.45590589469823894,1.116628191366182,-0.7971863833098108,-1.5775775009213668,0.2583590793332961,0.3487742379180627,-0.1291501019070677,0.6162570684661799,-0.6588924602475921,-0.74462094161007,-0.16303612306765208,-0.25204764345909686,-0.49385633494093734
OGG_EVT_031,2021-04-11 14:22:00,2021-04-18 16:05:00,Heavy Rain,0.0043243243243243,0.0108108108108108,1.0,-0.26223840360634054,-0.13172423766162186,0.2276917131274841,-0.23882227273249193,-0.36639947696675457,-0.2988432330617993,-0.6533102179804274,-0.4642952533424622,-1.457234167558558,-0.25353500620132724,0.7215466162026326,-0.29521634689195536,0.4094441605136167,1.1720643014883643,-0.07646423412319144,0.17404042185277385,0.3340888287404983,-0.35109360153939356,0.17470783257667677,0.31326679050564976,-0.3694767171364635,0.42559697459939705,0.14835939292623293,-0.6754002926086289,0.7308359341802948,-0.4902950710075052,-0.545307382294848,0.0,-0.5958849339714303,-1.5586861288936957,-1.1927114197471032,-0.6450559651807108,-0.20869589237886585,-0.20534919769021784
OGG_EVT_032,2021-05-03 20:54:00,2021-05-03 22:21:00,Heavy Rain,0.0,0.0,12.0,-0.4120315672985552,0.18817748237374526,0.1208630344752146,-0.3714782690821328,-0.36639947696675457,-0.3847771198690278,-0.9803445604321539,-1.5261364156951778,0.7948550004864859,-0.29562704502126214,-1.3829643477217075,0.8902981170048747,0.6028249465069848,-1.0359935118696635,1.321269077806115,0.68392755882815,-0.07231618654320195,1.2493172950673854,0.668903027898818,-0.09248829053031976,1.139497262760237,0.12122496186117318,0.8070456503683753,0.24871672725897256,-0.918030805178035,0.5079104627802299,-0.9812624909218564,-1.4206511209777444,0.44309392526080704,0.0888234052470574,0.039537395129738084,-0.16303612306765208,-0.25204764345909686,-0.49385633494093734
OGG_EVT_033,2021-05-04 16:30:00,2021-05-04 18:10:00,Heavy Rain,0.0,0.0,1.0,-0.4118386878286663,0.18817748237374526,0.06744869514907985,-0.37191898667797874,-0.27073104559833033,-0.289339632652014,0.6293507086148086,-0.28732172628367625,1.7332254871719208,0.40500173017506685,-0.7816755008861818,1.0878838609876798,-0.3897955906024264,-1.5617215626691938,0.27296909385913515,0.5287968025313742,-0.17391744036410897,1.2493172950673854,0.5443890040774405,-0.19392706078933017,1.233808136503762,0.4696246690587683,1.1363887790894465,-0.9770550711146334,-1.8249075118251163,0.2583590793332961,0.6828794642026506,-0.38745030572120304,1.82839907090379,-1.3016022235662377,-1.5287792783498781,0.5599936401019361,-0.25204764345909686,-0.49385633494093734
OGG_EVT_034,2021-06-08 02:00:00,2021-12-31 20:57:00,Drought | Flash Flood | Heavy Rain | High Surf | High Wind | Winter Storm,0.0089313212195873,0.0202144637007587,37.0,4.004759924335298,0.5080792024091124,1.011102023244127,4.872326592158653,-0.36639947696675457,-0.36459327751151915,0.7401740328204214,1.3054400172453973,-0.894211875547297,0.3275410259855748,1.6234798864559212,-1.8759022987543956,-0.4293780153690842,1.1720643014883643,-1.1247642180701711,-0.012555756058599255,0.9436963516660848,-2.516355402830867,-0.00631002594997797,1.0233381823186145,-2.4443159394944143,0.3316536800070486,-1.8276993794001941,-0.49270864169518513,0.7308359341802948,-0.4902950710075052,0.3457062198258736,1.9372515286060152,-0.5958849339714303,0.26164887794253616,1.6078540686093543,-1.1270758072937697,-0.198514261806012,2.1604093277656817
OGG_EVT_035,2022-01-01 05:53:00,2022-01-02 01:45:00,Heavy Rain,0.0384615384615384,0.1593406593406593,7.0,-0.39563681235799486,-1.0914293977677232,1.1179307018963967,-0.3479733306370137,0.08854550916026245,0.21000493702733536,-0.40651800618856165,-0.1103481992248903,-0.14351548619894905,0.4828493718635501,-0.4810310774684189,0.6927123730220697,0.7102137180656046,0.2257538100492095,0.4826290906485311,-1.8602168444384184,-2.0027400091407963,-0.9159445062241214,-1.8559646773685232,-2.0198249254512293,-0.9353419595977472,-0.14610059963635183,-1.5806920328593907,0.5245153818930339,0.7308359341802948,-0.4902950710075052,-1.9112241717267278,-1.9372515286060152,-0.5958849339714303,0.0888234052470574,0.039537395129738084,-0.16303612306765208,-0.25204764345909686,-0.49385633494093734
OGG_EVT_036,2022-01-05 10:00:00,2022-01-07 20:00:00,High Surf,0.0314606741573033,0.047191011235955,10.0,-0.36169002565754055,-1.0914293977677232,0.6906159872873187,-0.3093370880678492,-0.21691755295359175,-0.06235317656830554,-0.331043720524027,-0.4642952533424622,-0.70653777821021,0.2372980339844561,-0.18038665405065601,-0.09763060290915036,0.3977426518858358,-0.19482863059041483,0.6224024218414618,-0.5808832031488097,-0.4787212018269022,-0.4452354189868315,-0.5921326176114841,-0.4982433715663253,-0.46378759088002197,0.45619778351441975,1.116628191366182,-0.41524299686006405,0.7308359341802948,-0.4902950710075052,-1.173919726027009,-1.2915010190706768,-0.5958849339714303,0.0888234052470574,0.039537395129738084,-0.16303612306765208,-0.25204764345909686,-0.49385633494093734
OGG_EVT_037,2022-01-09 03:00:00,2022-01-12 20:00:00,High Surf,0.0265780730897009,0.0348837209302325,1.0,-0.33409342458112223,-1.0914293977677232,0.7618351063888316,-0.2862728672185761,-0.11118643596867228,0.0005588123684203253,-0.34949176477305,0.06662532783389565,-1.269560070221471,-0.38193638689327375,-0.18038665405065601,-1.2831450668059805,0.010356929506134392,-0.19482863059041483,-0.3560108965090527,0.1983008434643798,0.6388925902032916,-0.2569517840919222,0.20874250508070707,0.6175831012826449,-0.18085496964938017,0.36063662830567905,0.14835939292623293,0.5410958699869766,0.7308359341802948,-0.4902950710075052,-0.576221972432473,-0.38745030572120304,-0.5958849339714303,-0.904290733514711,-0.9686661806785866,0.07797379798887731,-0.24065818932914226,-0.43615490749079344
OGG_EVT_038,2022-01-14 10:00:00,2022-01-16 18:00:00,High Surf,0.0127877237851662,0.0306905370843989,1.0,-0.3634704515334385,-1.0914293977677232,0.6193968681858056,-0.3172700047930769,0.016887507682380797,-0.05290485588550052,-0.26939581660307726,-0.1103481992248903,-0.894211875547297,-0.5019232954957367,-0.7816755008861818,-0.09763060290915036,-0.146574535018307,0.12060819988930342,-0.07646423412319144,-0.31442504169484464,-0.3771199480059591,0.11961548569789633,-0.30230635790811183,-0.2953658310483406,0.10207765158126168,0.36970626246625,0.8070456503683753,0.6016936062350754,0.7308359341802948,-0.4902950710075052,-1.5196613587562555,-1.4206511209777444,-0.5958849339714303,0.0888234052470574,0.039537395129738084,-0.16303612306765208,-0.25204764345909686,-0.49385633494093734
OGG_EVT_039,2022-01-21 08:00:00,2022-01-24 20:00:00,High Surf,0.0089445438282647,0.0196779964221824,1.0,-0.3385444892708671,-1.0914293977677232,0.4057395108812666,-0.29258981942570184,-0.36639947696675457,-0.43083768319770244,0.09178456466069404,-0.1103481992248903,-0.14351548619894905,-0.8524700641138674,-1.0823199243039447,-0.6903878348575654,-0.7293763006661723,-0.8257022915498513,-0.42589756210551805,0.40422912060960275,0.13088632109864817,0.40204093804027696,0.418016561989976,0.21182802024663935,0.47932114655542846,0.3919190739868177,0.7082427117520537,-0.9610468573299035,-1.082917479113868,0.008807695886362337,0.13133109891775077,0.2583002038141354,-0.0763955043553116,-0.3375375785882694,-0.6325983220758117,0.3189837190454067,-0.25204764345909686,-0.49385633494093734
OGG_EVT_040,2022-01-29 07:00:00,2022-01-29 20:00:00,High Surf,0.0307692307692307,0.0307692307692307,1.0,-0.40174960786524455,-1.0914293977677232,0.4413490704320231,-0.3556124356316774,-0.2844915733978982,-0.35007395571728667,0.5622800724045185,0.2435988548926816,0.419506805812312,-2.647737933180367,-2.886186464810522,-0.6903878348575654,-2.095162453230249,-2.4028864439484425,-0.9151042212807753,0.5332291098540648,0.2324875749195913,0.6844663903826576,0.5354951452329806,0.31326679050564976,0.6679428940425118,0.45272117922168764,1.116628191366182,-0.6038232735329265,-0.8355874682101185,-0.4902950710075052,-0.6945825742827607,-0.7749006114424061,-0.5958849339714303,-1.258754906011661,-0.9686661806785866,0.07797379798887731,-0.25204764345909686,-0.49385633494093734
OGG_EVT_041,2022-02-01 12:00:00,2022-02-02 02:00:00,High Surf,0.0,0.0,4.0,-0.40085939492729555,-0.7715276777323561,0.3345203917797536,-0.35899127053316326,-0.36639947696675457,-0.43083768319770244,0.271640648826596,-0.1103481992248903,0.7948550004864859,-1.0546415514839511,-1.6836087711394705,-0.29521634689195536,-1.0080066268723227,-1.6668671728291,-0.21623756531612207,-0.5571184915457922,-0.8851262171106025,0.21375730314536767,-0.5762372103151776,-0.9039984526022948,0.19638852532478662,0.4564775102965952,1.116628191366182,-0.8749074212501663,-1.7424641748571998,0.5079104627802299,0.5034131749245172,-0.38745030572120304,0.26993078205543414,-0.7017397778021697,-1.1927114197471032,0.8010035611584655,-0.25204764345909686,-0.49385633494093734
OGG_EVT_042,2022-02-04 08:00:00,2022-02-06 12:00:00,High Surf,0.0,0.0116959064327485,1.0,-0.3670313032852344,-0.7715276777323561,0.4769586299827796,-0.3244683921918946,-0.20479739695252466,-0.1519845430457264,-0.09533933629149714,0.06662532783389565,-0.5188636808731231,-0.5904037858050842,-0.4810310774684189,-0.8879735788403704,-0.3827873583121807,-0.510265461070133,-0.07646423412319144,0.6052270775848207,0.02928506727774116,0.7786082078300955,0.6142383345136849,0.008950479728654596,0.7622537677860703,0.456156847887762,1.116628191366182,-0.4949679918762336,0.7308359341802948,-0.4902950710075052,-0.4213754199366385,-0.1291501019070677,-0.5958849339714303,-0.3303963589958398,-0.8566435611443283,0.3189837190454067,-0.25204764345909686,-0.49385633494093734
OGG_EVT_043,2022-02-08 02:00:00,2022-11-30 00:00:00,Drought | Flash Flood | Heavy Rain | High Surf,0.0052985028648881,0.015402624607233,6.0,5.887604798744284,-0.7715276777323561,0.4413490704320231,6.778577100057811,-0.36639947696675457,-0.30969209197707914,1.0992067288588636,2.013334125480541,-1.832582362232732,-0.06509670678280878,1.6234798864559212,-2.0734880427372007,-0.9734125314521862,0.5411906405289277,-1.4741975460524979,0.1375020697027311,1.0452976054869918,-0.7276608713292121,0.1335791435285449,1.0233381823186145,-0.7467202121106303,0.3780500896922129,-1.498356250679123,-0.45815334190897505,0.7308359341802948,-0.4902950710075052,0.26451638553887785,1.162350917163609,-0.5958849339714303,0.2711639991188758,1.1597635904723211,-1.1270758072937697,-0.23910397810458867,0.19856079446078934
OGG_EVT_044,2022-12-01 00:00:00,2022-12-31 00:00:00,Drought | Flash Flood | High Surf,0.0417685794920037,0.0993414863593603,6.0,0.22763093926468278,2.427489522621315,0.7796398861642099,0.406094475855463,-0.33016143478174576,-0.3951058522518218,-0.21971386385471664,0.5975459090102535,-1.081885972884384,-0.3492465941434279,0.12025776936710686,-0.8879735788403704,-0.07745112416017688,0.43604503036902165,-0.9849908868772406,-0.6901862069471075,1.0452976054869918,-4.116766299437646,-0.6745499591052502,1.1247769525775888,-4.141911666878232,0.23528873741817843,-1.1755999845324732,0.259237552619545,0.7308359341802948,-0.4902950710075052,-0.33663408216120855,0.6457505095353384,-0.5958849339714303,-0.023788729630942758,1.0477409709380627,-1.1270758072937697,-0.08008482224501759,2.852826457167408
OGG_EVT_045,2023-01-11 00:00:00,2023-01-13 03:33:00,High Surf,0.0518292682926829,0.0945121951219512,2.0,-0.36743189910731144,-1.0914293977677232,0.6550064277365621,-0.3265250743058425,-0.1393383265670136,-0.057688815724895585,-0.9319046565024995,-0.6412687804012481,-1.269560070221471,-2.003409684562314,-1.3829643477217075,-1.4807308107887855,-0.6263411279545219,-0.510265461070133,-0.6355575588949139,0.5374151778812,0.3340888287404983,0.4961827554877483,0.5461183655194324,0.4147055607646241,0.47932114655542846,0.2198286525774749,0.29985723213792564,-0.04070161402368452,0.7308359341802948,-0.4902950710075052,-0.9812624909218564,-0.7749006114424061,-0.5958849339714303,-1.815770034221154,-1.7528245174183947,0.07797379798887731,-0.25204764345909686,-0.49385633494093734
OGG_EVT_046,2023-01-22 00:00:00,2023-01-23 16:00:00,High Surf,0.0105263157894736,0.0175438596491228,5.0,-0.3777138585406221,-1.0914293977677232,0.7796398861642099,-0.3328420265129683,-0.36639947696675457,-0.21644669752241733,-0.18706082870354906,-0.1103481992248903,-1.081885972884384,-0.7606995940739989,-0.4810310774684189,-1.2831450668059805,-0.415917183684253,-0.19482863059041483,-0.07646423412319144,-0.18037236911086593,-0.3771199480059591,0.21375730314536767,-0.17478682316689614,-0.39680460130731493,0.19638852532478662,0.27468403913688966,-0.18098373579483826,-0.2036514364265248,0.7308359341802948,-0.4902950710075052,-0.9863258031585436,-0.5166004076282708,-0.5958849339714303,-0.7874344129113212,-1.1927114197471032,0.8010035611584655,-0.25204764345909686,-0.49385633494093734
OGG_EVT_047,2023-01-27 12:00:00,2023-01-29 09:00:00,Flash Flood | Strong Wind,0.0162337662337662,0.0487012987012987,1.0,-0.37326279385087724,-1.0914293977677232,0.8330542254903446,-0.3294631916114824,-0.11726293694481695,-0.15008758290863822,-1.8719894888748352,-1.8800834698127498,0.04415861113813796,0.5183387379274157,0.7215466162026326,0.8902981170048747,2.2392659248684765,1.1720643014883643,1.8803624025778374,0.23210923111386308,-0.17391744036410897,0.4961827554877483,0.20586650181300153,-0.19392706078933017,0.5736320202989534,-1.2953813947630086,-1.7865314883100603,0.16759947589601337,0.7308359341802948,-0.24074368756057143,-0.7394148711459766,-0.7749006114424061,-0.0763955043553116,-1.4301441762299667,-0.9686661806785866,-0.16303612306765208,2.236231710210208,3.7183478689195666
OGG_EVT_048,2023-02-09 05:55:00,2023-02-09 06:15:00,Strong Wind,0.0,0.0,1.0,-0.41302563841259826,-0.7715276777323561,0.6906159872873187,-0.3732411394655167,-0.36639947696675457,-0.43083768319770244,-1.1815564690630243,-2.0570569968715358,0.9825290978235729,-0.9962558202175911,-1.6836087711394705,0.29754088505645965,0.21100105027958566,-1.3514303423493816,1.111609081016719,1.1182936764589813,0.2324875749195913,1.625884564857204,1.1047021112737274,0.21182802024663935,1.6110516314779624,0.4696246690587683,1.1363887790894465,-0.7216859464534655,-1.7424641748571998,0.7574618462271636,0.2423712996108693,-0.9040507133494737,1.6552359276984172,-1.0445183182387794,-1.3047340392813616,0.5599936401019361,-0.25204764345909686,-0.49385633494093734
OGG_EVT_049,2023-02-09 15:33:00,2023-02-11 15:28:00,High Surf,0.0133333333333333,0.0186666666666666,1.0,-0.3706663394485261,-0.7715276777323561,0.6906159872873187,-0.3196204986375888,-0.36639947696675457,-0.43083768319770244,-0.5532105087771497,-0.818242307460034,0.607180903149399,-1.2036788128744,-1.3829643477217075,-0.09763060290915036,-0.45716180433976844,-1.0359935118696635,0.1331957626662045,1.0627731952581185,0.7404938440242347,0.5903245729351863,1.0801269749932798,0.8204606418006297,0.5736320202989534,0.3796704248965283,0.7082427117520537,-0.522766838822661,-1.4951341639534503,0.7574618462271636,0.8322915902045414,0.2583002038141354,1.1357464980822987,0.44734737479783443,0.8236957318695461,0.198478758517142,-0.20974395669069465,-0.3784534800406495
OGG_EVT_050,2023-03-01 00:00:00,2023-03-02 15:34:00,High Surf | Strong Wind,0.0,0.0,1.0,-0.37809961748040005,-0.451625957696989,0.6906159872873187,-0.3329889323782503,-0.36639947696675457,-0.43083768319770244,-1.6302358975042743,-1.3491628886363918,0.04415861113813796,-0.8633779490596664,-1.0823199243039447,0.09995514107365465,0.8000880115042275,-0.19482863059041483,0.8320624186308577,1.5483803249505823,1.0452976054869918,1.0610336601724761,1.5447947816769267,1.1247769525775888,1.0451863890166786,-1.172410125306471,-0.8396699932369807,-0.6301052948508398,-1.5775775009213668,0.5079104627802299,0.9174795978358211,0.1291501019070677,1.1357464980822987,0.3644992398059432,0.37560525373251297,0.5599936401019361,0.160820068751765,-0.08994634278993005
OGG_EVT_051,2023-03-07 18:00:00,2023-03-10 15:30:00,High Surf,0.002,0.026,1.0,-0.3514525768711273,-0.451625957696989,0.8152494457149664,-0.3012572654773395,-0.2589873159992126,-0.3249259687173969,-0.872778445755275,-0.6412687804012481,-1.269560070221471,-1.4655449054906071,-0.18038665405065601,-1.0855593228231755,-0.2010301160677166,0.12060819988930342,-0.7753308900878446,-1.8566369039084663,-1.0883287247524527,-1.5749372283563206,-1.8046159453224067,-1.0054372228612691,-1.5955180758025223,0.12184511085939098,-1.1690131219580517,1.8634353462703575,0.6483925972123784,-0.4902950710075052,-0.17874342377246907,0.1291501019070677,-0.5958849339714303,-0.053674099789200645,0.7116731123352878,-0.6450559651807108,-0.02164363516690016,0.28511293563600526
OGG_EVT_052,2023-05-03 06:00:00,2023-05-04 15:33:00,High Surf,0.0164473684210526,0.0197368421052631,1.0,-0.383455731990393,0.18817748237374526,0.8686637850411011,-0.33005081507261036,-0.36639947696675457,-0.32679499897293157,0.7981836894200218,0.4205723819514675,-0.5188636808731231,-0.7848592070118015,-1.0823199243039447,0.09995514107365465,-1.1617337033998545,-0.19482863059041483,-0.7054442244913793,-0.8566813312912464,-1.0883287247524527,-0.4452354189868315,-0.8381460190428903,-1.0054372228612691,-0.46378759088002197,0.4560241599944503,1.116628191366182,-0.1616350385758698,-0.3409274464026195,0.7574618462271636,0.843217685031077,0.7749006114424061,-0.0763955043553116,0.5622560900578343,0.2635826341982547,0.5599936401019361,-0.25204764345909686,-0.49385633494093734
OGG_EVT_053,2023-07-01 00:00:00,2023-07-31 00:00:00,Drought | Wildfire,0.0048192771084337,0.0148285449490268,6.0,0.22763093926468278,0.8279809224444795,1.08232114234564,0.4178469450780225,-0.36639947696675457,-0.3660491985156112,1.3560807786110094,1.4824135443041833,-0.33118958353603606,0.6697981937419129,1.9241243098736842,-0.09763060290915036,-0.707659525241281,0.7514818608487399,-0.7753308900878446,0.25285949664600343,0.4356900825614414,0.11961548569789633,0.2571994874441495,0.31326679050564976,0.10207765158126168,0.3000520997694014,-1.1755999845324732,-0.7660368906971733,0.7308359341802948,-0.4902950710075052,0.9784709994842818,1.0332008152565415,-0.5958849339714303,0.5306180552690833,0.37560525373251297,-0.6450559651807108,-0.2451071948486556,-0.32075205259050565
OGG_EVT_054,2023-08-01 00:00:00,2023-08-31 00:00:00,Drought | High Wind | Wildfire,0.0254302103250478,0.0393881453154875,6.0,0.22763093926468278,1.1478826424798465,1.011102023244127,0.3936074773064935,-0.2992165897698279,-0.23210446613915145,1.388184767133555,1.3054400172453973,0.04415861113813796,0.5241493561895566,1.0221910396203955,-0.29521634689195536,-0.841557405839288,-0.08968302043050874,-1.1946508836666365,0.07206299445776916,0.6388925902032916,-0.4452354189868315,0.07758348731957378,0.6175831012826449,-0.46378759088002197,0.4407314945698035,0.14835939292623293,-0.784241483967364,0.7308359341802948,-0.4902950710075052,0.8949759878949887,1.162350917163609,-0.5958849339714303,0.5704959588183295,0.9357183514038044,-0.16303612306765208,-0.2461251273115203,-0.08994634278993005
OGG_EVT_055,2023-09-01 00:00:00,2023-09-30 00:00:00,Drought,0.0108108108108108,0.0143360752056404,5.0,0.2062658287539073,1.4677843625152138,0.8686637850411011,0.25037425865654905,-0.33122725955189314,-0.36147589371452205,1.229866870032523,1.3054400172453973,-0.5188636808731231,0.7261232521400527,1.0221910396203955,-0.29521634689195536,-0.5718367702967067,0.2257538100492095,-0.9151042212807753,-0.20140005966537305,-0.07231618654320195,-0.2569517840919222,-0.1937668076854459,-0.09248829053031976,-0.2751658433929386,0.4491395612200283,0.14835939292623293,-0.6599222511865783,0.6483925972123784,-0.4902950710075052,0.543631835946678,1.0332008152565415,-0.5958849339714303,0.21602212078617578,0.2635826341982547,-0.8860658862372403,-0.2496492162935016,-0.43615490749079344
OGG_EVT_056,2023-10-01 00:00:00,2023-10-31 00:00:00,Drought | High Surf,0.0142857142857142,0.0203747072599531,10.0,0.22763093926468278,1.787686082550581,0.4413490704320231,0.2525778466357789,-0.16162971804461404,-0.14816463701624763,0.8195919555607242,1.3054400172453973,-0.5188636808731231,0.8113143284301861,1.0221910396203955,-0.09763060290915036,-0.17276302354710066,1.1720643014883643,-0.9849908868772406,-0.37891996479598106,-0.07231618654320195,-0.4452354189868315,-0.3767370457537105,-0.09248829053031976,-0.46378759088002197,0.4422062450231559,-0.5103268645159095,-0.11425831863346603,0.7308359341802948,-0.4902950710075052,-0.40902036880655196,0.5166004076282708,-0.5958849339714303,-0.15015599970522758,0.039537395129738084,-0.6450559651807108,-0.24986167539281612,-0.32075205259050565
OGG_EVT_057,2023-11-01 00:00:00,2023-12-31 00:00:00,Drought | Flood | High Surf | Wildfire,0.0063456090651558,0.013484419263456,6.0,0.8685842545879467,2.107587802585948,0.2989108322289971,0.921734062995263,-0.27974328913303703,-0.259946317804359,0.0334803971853881,0.9514929631278254,-1.269560070221471,0.09573725447565819,1.6234798864559212,-1.2831450668059805,0.0316376557662777,1.1720643014883643,-0.7753308900878446,-0.07299454628780193,1.0452976054869918,-1.198369958566502,-0.088985568316078,1.0233381823186145,-1.2182745808283555,0.24237277682278738,-1.3336846863185874,-0.27300359333987184,0.7308359341802948,-0.4902950710075052,-0.1190291118002529,1.162350917163609,-0.5958849339714303,0.0077897572655758135,0.7116731123352878,-0.8860658862372403,-0.1987199027235066,0.4293665042613649
OGG_EVT_058,2024-01-09 03:00:00,2024-01-09 09:00:00,Flood,0.0,0.0,1.0,-0.40798109843088737,-1.0914293977677232,0.49476340975815786,-0.3714782690821328,-0.2058819746707409,-0.1934248467116482,-1.8522628311659253,-2.0570569968715358,0.23183270847522497,0.9304733115723136,0.12025776936710686,1.2854696049704848,2.614187613807634,1.1720643014883643,2.8587757209283517,-2.139452205772562,-2.4091450244245327,-0.8218026887766501,-2.132662508082705,-2.4255800064871984,-0.8410310858541887,-2.836885759627836,-0.8396699932369807,2.1384482497516153,-0.5058141203384525,4.001629831037302,0.2913166512321783,-1.0332008152565415,1.6552359276984172,-0.530350507583863,-0.9686661806785866,1.042013482214995,2.8325961834036777,0.9486793513126599
OGG_EVT_059,2024-01-16 08:35:00,2024-01-16 11:35:00,Flood,0.1111111111111111,0.1111111111111111,1.0,-0.4106517372447343,-1.0914293977677232,0.3701299513305101,-0.3680994341806469,-0.11375397159239527,-0.057163253939722734,-0.26939581660307726,-0.99521583451882,0.9825290978235729,2.682045249563136,1.3228354630381585,2.470984068867315,2.342523045756638,1.1720643014883643,2.43945572734956,-2.915105987256265,-3.0187525473500827,-1.4807954109088493,-2.9171008581575246,-3.1356513983001633,-1.5012072020589975,-0.41386439975928313,0.4777025216473041,2.281454959561869,-0.5058141203384525,4.2511812144842365,1.7694662701957111,0.1291501019070677,3.0405410733414002,0.7550690190534279,-0.5205757025415534,2.247063087497642,-0.25204764345909686,-0.49385633494093734
OGG_EVT_060,2024-01-17 19:40:00,2024-01-18 08:50:00,High Surf,0.024390243902439,0.024390243902439,1.0,-0.40160123904225303,-1.0914293977677232,0.1920821535767276,-0.3686870576417749,-0.09461416057918615,0.0604749923081599,-2.269591234252175,-1.8800834698127498,-0.70653777821021,0.5023112822856659,0.42090219278486973,0.4951266290392647,2.7186739861349403,1.1720643014883643,2.43945572734956,-1.3706931245687373,-1.697936247678039,-0.5393772364343029,-1.3786609193863848,-1.6140698444152595,-0.46378759088002197,0.44771273778847825,1.116628191366182,0.44733715755099246,-0.5058141203384525,-0.4902950710075052,-2.0308683645788164,-1.9372515286060152,-0.5958849339714303,0.0888234052470574,0.039537395129738084,-0.16303612306765208,-0.25204764345909686,-0.49385633494093734
OGG_EVT_061,2024-01-20 06:00:00,2024-01-22 03:48:00,High Surf,0.0582191780821917,0.0684931506849315,2.0,-0.37255062350051804,-1.0914293977677232,0.4769586299827796,-0.3318136854559943,0.07800624307237795,0.04719627134854172,-0.1829492188209254,-0.28732172628367625,-0.5188636808731231,0.8039708938285308,0.12025776936710686,0.29754088505645965,0.7479449080726879,1.1720643014883643,-0.21623756531612207,-0.9535637576374253,-0.8851262171106025,-0.5393772364343029,-0.9584260889892249,-0.9039984526022948,-0.46378759088002197,0.44333035153442213,1.116628191366182,1.4347644395741743,0.6483925972123784,-0.4902950710075052,-1.4924694967444172,-1.4206511209777444,-0.5958849339714303,0.0888234052470574,0.039537395129738084,-0.16303612306765208,-0.25204764345909686,-0.49385633494093734
OGG_EVT_062,2024-02-02 06:00:00,2024-02-04 15:39:00,High Surf,0.0050251256281407,0.007537688442211,3.0,-0.3620016001858227,-0.7715276777323561,0.4057395108812666,-0.3162416637361029,-0.2833539636261091,-0.14423862248594937,-1.4726715709119427,-0.99521583451882,-0.14351548619894905,-2.1999956839857524,-0.7816755008861818,-1.6783165547715906,-0.24807205366911197,0.7514818608487399,-0.42589756210551805,1.8338755480575812,1.4517026207707282,1.4376009299622947,1.8368987078756625,1.5305320336135944,1.4224298839908454,-0.998940937354215,-1.8309928106874047,-0.5717245030354179,0.7308359341802948,-0.24074368756057143,0.7464042822643493,0.2583002038141354,0.6162570684661799,0.41505482168485386,0.2635826341982547,-0.16303612306765208,-0.16596455991874168,-0.26305062514036176
OGG_EVT_063,2024-02-14 03:45:00,2024-02-17 03:08:00,High Surf,0.011574074074074,0.0138888888888888,2.0,-0.3497760091713234,-0.7715276777323561,0.2633012726782406,-0.3112468643165151,-0.27846893342960044,0.17607797478012754,-1.4548072091790212,-0.4642952533424622,-0.33118958353603606,-0.5745810944049862,-0.4810310774684189,-0.09763060290915036,0.9211213955410936,0.7514818608487399,0.0633090970697392,-0.12849795748146736,0.5372913363823846,-0.4452354189868315,-0.13467358880038374,0.4147055607646241,-0.46378759088002197,-0.5704616685709488,-1.6663212463268693,1.8320053001582137,0.7308359341802948,-0.4902950710075052,-0.24345663500064205,-0.2583002038141354,-0.5958849339714303,-0.21702949796602333,0.039537395129738084,-0.16303612306765208,-0.16320990124544887,-0.32075205259050565
OGG_EVT_064,2024-03-14 06:00:00,2024-03-15 15:24:00,High Surf,0.0038610038610038,0.0115830115830115,1.0,-0.3835892639310854,-0.451625957696989,0.31671561200437537,-0.33666157901030014,-0.36639947696675457,-0.43083768319770244,-2.077428538443326,-1.8800834698127498,-0.14351548619894905,0.505091555203116,0.12025776936710686,1.0878838609876798,2.485445476475774,0.856627471008646,2.229795730560164,-0.2778831302116927,-0.6819237094687524,0.11961548569789633,-0.27931915351024555,-0.5996821418252997,0.10207765158126168,-5.6546036071922074,-1.6663212463268693,2.218707117502268,0.7308359341802948,-0.24074368756057143,-0.6805981881052436,-0.9040507133494737,0.26993078205543414,-1.0445183182387794,-1.4167566588156197,0.8010035611584655,0.2661725194538458,-0.147647770240074
OGG_EVT_065,2024-04-01 00:00:00,2024-04-30 00:00:00,Drought,0.0081417624521072,0.0172413793103448,6.0,0.2062658287539073,-0.13172423766162186,0.5125681895335361,0.23876869529927147,-0.36639947696675457,-0.43083768319770244,-0.43548066992056855,0.4205723819514675,-1.457234167558558,-0.1865534983755839,0.42090219278486973,-0.4928020908747604,0.22382341442928538,0.856627471008646,-0.4957842277019833,0.40406750988470064,0.9436963516660848,-0.6335190538817408,0.37179029625999266,1.0233381823186145,-0.7467202121106303,0.39671527340809676,0.0956644923308615,-0.11530225906501682,0.7308359341802948,-0.4902950710075052,0.40671626074583384,1.162350917163609,-0.5958849339714303,0.8718809075957521,1.6078540686093543,-1.1270758072937697,-0.20784976176076705,-0.32075205259050565
OGG_EVT_066,2024-05-01 00:00:00,2024-05-31 00:00:00,Drought,0.0135973282442748,0.0236164122137404,6.0,0.22763093926468278,0.18817748237374526,0.1920821535767276,0.24111918914378339,-0.32110192423549355,-0.38617289451535175,0.24804418077373222,0.7745194360690394,-1.081885972884384,0.3970242738238239,1.0221910396203955,-0.29521634689195536,0.04061584708842373,1.1720643014883643,-0.4957842277019833,-0.12410400822725626,0.3340888287404983,-0.8218026887766501,-0.13242484817941977,0.31326679050564976,-0.8410310858541887,0.39637807266792635,-1.2101810130481856,-0.19474355187150527,0.7308359341802948,-0.4902950710075052,0.17820927431719277,0.9040507133494737,-0.5958849339714303,0.5181297480986434,1.1597635904723211,-0.8860658862372403,-0.20257555153423662,0.7178736415120843
OGG_EVT_067,2024-06-01 00:00:00,2024-06-30 00:00:00,Drought | High Surf,0.0065969062784349,0.0131938125568698,6.0,0.2062658287539073,0.5080792024091124,0.4413490704320231,0.2710879856613102,-0.07972181447575775,0.013362817944583882,0.7432211396655435,0.9514929631278254,-0.14351548619894905,0.5837118082297079,0.7215466162026326,-1.0855593228231755,-0.2726458090528954,0.5411906405289277,-0.7054442244913793,0.4581681655182,0.4356900825614414,0.3078991205928056,0.4514454731112939,0.4147055607646241,0.2906993990683451,0.3829014230251239,-0.5103268645159095,-0.9120991112109611,0.7308359341802948,-0.4902950710075052,1.0358221112893726,0.7749006114424061,-0.5958849339714303,1.248106645708828,0.9357183514038044,-0.8860658862372403,-0.25023758351179354,-0.43615490749079344
OGG_EVT_068,2024-07-01 00:00:00,2024-07-31 00:00:00,Drought | Wildfire,0.0119352088661551,0.0221653878942881,6.0,0.22763093926468278,0.8279809224444795,0.5837873086350491,0.31457212178478056,-0.36639947696675457,-0.43083768319770244,0.7516559864100428,0.9514929631278254,0.04415861113813796,0.6618989477470545,1.0221910396203955,0.09995514107365465,-0.21411507242465078,1.1720643014883643,-0.4957842277019833,0.1952960942887818,0.5372913363823846,-0.06866814919701295,0.18793709274559778,0.4147055607646241,-0.08654409590582171,0.3499597455803225,-0.9285926379916698,-0.9883154419658347,0.6483925972123784,-0.4902950710075052,0.9955538869128947,0.9040507133494737,-0.5958849339714303,1.0505587517011465,1.1597635904723211,-0.16303612306765208,-0.2474013180295128,-0.43615490749079344
OGG_EVT_069,2024-08-01 00:00:00,2024-08-31 00:00:00,Drought | Flash Flood | Flood | High Surf | High Wind | Tropical Storm,0.0038662724584944,0.0120536729588355,6.0,0.22763093926468278,1.1478826424798465,0.5659825288596708,0.27123489152659225,-0.3273192353946859,-0.3152347007257348,0.5493919893680317,0.5975459090102535,-0.33118958353603606,1.5771811467167676,1.9241243098736842,0.09995514107365465,0.6492291883346997,1.1720643014883643,-0.14635089971965676,0.021707360179306242,0.02928506727774116,0.11961548569789633,0.012018020337071054,0.110389249987665,0.10207765158126168,0.031888729135074345,-1.748657028507137,-0.8430613892335971,0.7308359341802948,-0.4902950710075052,0.9003503794455645,0.9040507133494737,-0.5958849339714303,0.8901029895284576,0.9357183514038044,-0.6450559651807108,-0.202865909716111,0.0831579395605016
OGG_EVT_070,2024-09-01 00:00:00,2024-09-30 00:00:00,Drought,0.0029828486204325,0.00795426298782,6.0,0.2062658287539073,1.4677843625152138,0.3701299513305101,0.21629209791112636,-0.36639947696675457,-0.38931830216903834,1.3777392883162403,1.3054400172453973,-0.14351548619894905,1.0143213800035167,1.3228354630381585,0.29754088505645965,-0.5121378997828274,0.5411906405289277,-0.9151042212807753,-0.5879470240073,-0.2755186941850521,-0.8218026887766501,-0.5810359252291277,-0.19392706078933017,-0.7467202121106303,0.436076746700117,0.4777025216473041,-0.7067937839475577,0.7308359341802948,-0.4902950710075052,0.40034938573818374,0.7749006114424061,-0.5958849339714303,0.4853038448533149,0.37560525373251297,-0.8860658862372403,-0.25204764345909686,-0.49385633494093734
OGG_EVT_071,2024-10-01 00:00:00,2024-10-31 00:00:00,Drought,0.0058097312999273,0.0133139675623335,6.0,0.22763093926468278,1.787686082550581,0.3345203917797536,0.23215793136158175,-0.32369035582013683,-0.388725168154343,1.1459261184854341,1.3054400172453973,-0.14351548619894905,1.059952256792421,1.6234798864559212,0.09995514107365465,-0.29207010119041604,0.5411906405289277,-0.6355575588949139,-0.1518317862717441,0.2324875749195913,-0.5393772364343029,-0.16143460938854617,0.31326679050564976,-0.558098464623547,0.41561820316317616,-0.31601441857047746,-0.697663080180992,0.7308359341802948,-0.4902950710075052,0.2565750487088181,0.7749006114424061,-0.5958849339714303,0.3140712429917114,1.2717862100065793,-1.1270758072937697,-0.22656580315023225,0.025456512110357668
OGG_EVT_072,2024-11-16 12:00:00,2024-11-16 16:00:00,Wildfire,0.0,0.0,1.0,-0.40976152430678536,2.107587802585948,0.2989108322289971,-0.3638391640874691,-0.3230713830498958,-0.3881148418493666,1.3939559614121142,0.06662532783389565,2.296247779183182,0.5100960464545152,-0.18038665405065601,1.0878838609876798,-0.9383490453207852,-2.5080320541083485,0.41274242505206576,0.460539269760791,-0.3771199480059591,1.1551754776199141,0.4447777850203298,-0.39680460130731493,1.139497262760237,0.45384807854415965,1.116628191366182,-0.6195382965889984,-1.6600208378892833,0.7574618462271636,3.2182486781864577,1.162350917163609,3.7331936461628916,4.0457430072448926,1.3838088295408377,3.9341325348933474,-0.25204764345909686,-0.49385633494093734
OGG_EVT_073,2024-12-01 00:00:00,2025-01-29 00:00:00,Drought | Thunderstorm Wind,0.0043163789080727,0.0122491833877741,6.0,0.8472191440771714,2.427489522621315,0.6193968681858056,0.8845668790789184,-0.36639947696675457,-0.43083768319770244,-0.21767012898029423,0.5975459090102535,-1.269560070221471,0.0026046163904304216,1.0221910396203955,-0.6903878348575654,0.1850278753402693,1.1720643014883643,-0.9151042212807753,0.23380672887545512,0.9436963516660848,-0.5393772364343029,0.2157710264351053,0.921899412059604,-0.558098464623547,0.25518654167271443,-1.498356250679123,0.10809281157557644,0.7308359341802948,-0.4902950710075052,-0.41681505527384377,2.712152140048421,-0.5958849339714303,0.0888234052470574,3.9603290788287784,-1.1270758072937697,-0.15773724128850963,0.9486793513126599
OGG_EVT_074,2025-01-30 08:30:00,2025-01-30 15:00:00,Flash Flood | Flood | High Wind,0.2727272727272727,0.4204545454545454,39.0,-0.40753599196191287,-1.0914293977677232,0.2989108322289971,-0.36178248197352114,-0.36639947696675457,-0.43083768319770244,0.3610681637736482,-0.6412687804012481,1.7332254871719208,2.506888055764054,1.3228354630381585,2.075812580901705,1.464837518207263,0.5411906405289277,1.6707024057884414,-2.6203575502924172,-2.7139487858872897,-1.5749372283563206,-2.677411362301331,-2.7298963172641937,-1.5955180758025223,-0.5459933453191259,0.14835939292623293,1.9596898624887975,-0.6707007942742855,4.001629831037302,3.423819154995956,1.5498012228848121,3.7331936461628916,4.311396376083267,1.3838088295408377,5.380192061232524,0.11810961576443628,-0.32075205259050565
OGG_EVT_075,2025-01-31 06:00:00,2025-01-31 14:45:00,Flood,0.1414141414141414,0.3333333333333333,1.0,-0.4055330128515277,-1.0914293977677232,0.4413490704320231,-0.3601665174554192,1.7632060158235099,2.5978020973178886,-0.37670883453954296,-0.99521583451882,1.17020319516066,1.736196403048091,0.7215466162026326,1.8782268369189,1.6320157139309528,0.2257538100492095,1.6707024057884414,-2.033963291490804,-2.0027400091407963,-1.0100863236715594,-2.020599886643439,-2.0198249254512293,-1.0296528333412722,-1.6418090281462752,-1.1690131219580517,1.7707167102395334,-0.6707007942742855,3.752078447590369,0.5751996906357705,-0.2583002038141354,0.6162570684661799,0.11235925573478248,-0.07248522440452021,0.3189837190454067,0.20036678448077616,-0.08994634278993005
OGG_EVT_076,2025-02-27 18:00:00,2025-03-31 00:00:00,Drought | High Surf,0.0089153046062407,0.0199533007853958,6.0,0.2543373274031521,-0.7715276777323561,0.4057395108812666,0.31736333322513843,-0.36639947696675457,-0.38989496023888076,-0.27070569521260907,0.4205723819514675,-1.457234167558558,-0.1904693807512908,0.12025776936710686,-0.6903878348575654,0.10207447948990789,1.1720643014883643,-0.42589756210551805,0.9820703577290114,1.6549051284125782,0.025473668250458412,0.9768106727013325,1.6319708038725687,0.0077667778377032365,0.2864916420334119,-0.5202071583775416,-0.031906613420347694,0.7308359341802948,-0.4902950710075052,-0.2134488827575601,0.7749006114424061,-0.5958849339714303,0.43173656889158585,1.2717862100065793,-1.1270758072937697,-0.24917820734108498,-0.43615490749079344
OGG_EVT_077,2025-04-01 00:00:00,2025-04-30 00:00:00,Drought,0.0052552552552552,0.0097597597597597,6.0,0.2062658287539073,-0.13172423766162186,0.5481777490842926,0.21232563954851252,-0.28772478011772157,-0.12053494077294728,0.13415869337638286,0.7745194360690394,-1.081885972884384,0.2768215615328262,0.42090219278486973,-0.4928020908747604,0.07188605264073965,1.1720643014883643,-0.4957842277019833,0.3336054601258071,1.4517026207707282,-0.35109360153939356,0.31921421770309016,1.429093263354584,-0.2751658433929386,0.3921521396479499,-0.5103268645159095,0.2510336857864704,0.7308359341802948,-0.4902950710075052,-0.22866899411128708,1.0332008152565415,-0.5958849339714303,0.2684907006775554,0.7116731123352878,-1.1270758072937697,-0.16534414129863118,5.1608835551731636
OGG_EVT_078,2025-05-01 00:00:00,2025-05-31 00:00:00,Drought,0.0019985011241568,0.0089932550587059,6.0,0.22763093926468278,0.18817748237374526,0.1920821535767276,0.21335398060548647,-0.36639947696675457,-0.34150810583300045,0.7051156865560615,0.9514929631278254,-0.5188636808731231,-0.2871935505050083,-0.18038665405065601,-0.29521634689195536,-0.821188863016741,0.5411906405289277,-0.7753308900878446,0.5404819763823246,0.5372913363823846,0.11961548569789633,0.5266342266065721,0.5161443310236346,0.10207765158126168,0.43159529500966526,0.14835939292623293,-0.878248699516761,0.7308359341802948,-0.4902950710075052,0.7586541196756399,1.162350917163609,-0.5958849339714303,0.9433423623601539,0.8236957318695461,-0.6450559651807108,-0.2483180992855636,-0.32075205259050565
OGG_EVT_079,2025-06-01 00:00:00,2025-06-30 00:00:00,Drought,0.003167641325536,0.013401559454191,6.0,0.2062658287539073,0.5080792024091124,0.3345203917797536,0.2281914729989679,-0.32369035582013683,-0.388725168154343,1.1395427137992717,1.1284664901866113,-0.33118958353603606,-0.09285025379677703,0.12025776936710686,-0.4928020908747604,-1.0334504141456389,-0.405119850910227,-0.9151042212807753,0.29870686479202924,0.6388925902032916,0.11961548569789633,0.290753937553247,0.5161443310236346,0.19638852532478662,0.4369132859481204,0.29985723213792564,-0.8614992628010228,0.5659492602444619,-0.4902950710075052,0.8029121122263367,1.5498012228848121,-0.5958849339714303,0.8626855375625967,1.0477409709380627,-0.16303612306765208,-0.25204764345909686,-0.49385633494093734
OGG_EVT_080,2025-07-01 00:00:00,2025-07-31 00:00:00,Drought,0.0133058040835053,0.0307409956412021,6.0,0.22763093926468278,0.8279809224444795,0.4769586299827796,0.26565246864587644,-0.36639947696675457,-0.35116535743999505,1.2884840981951489,1.659387071362969,0.23183270847522497,0.49120654516245954,1.0221910396203955,-0.29521634689195536,-0.7580588342462172,0.2257538100492095,-0.9151042212807753,0.1959044501958273,0.6388925902032916,-0.06866814919701295,0.1909061663133768,0.6175831012826449,-0.08654409590582171,0.4027546105703788,-0.9285926379916698,-0.7339276097967513,0.7308359341802948,-0.4902950710075052,0.8865305154583714,0.7749006114424061,-0.5958849339714303,0.9703972582289746,1.0477409709380627,-0.6450559651807108,-0.23320479655292362,0.0831579395605016
OGG_EVT_081,2025-08-01 00:00:00,2025-08-31 00:00:00,Drought | High Surf,0.0040011431837667,0.0102886539011146,,0.22763093926468278,1.1478826424798465,0.4769586299827796,0.13931342450336134,-0.36639947696675457,-0.43083768319770244,1.5937050765850365,1.3054400172453973,-0.14351548619894905,0.5423639842448801,1.3228354630381585,-1.4807308107887855,-0.9590766203416305,0.856627471008646,-1.753744208438359,0.09320691559328213,0.5372913363823846,-0.2569517840919222,0.07897811689357102,0.6175831012826449,-0.2751658433929386,0.4434523669289659,0.8070456503683753,-0.5540774787181073,0.7308359341802948,-0.4902950710075052,0.6644395875453203,1.0332008152565415,-0.5958849339714303,0.9234248508607898,1.0477409709380627,-0.8860658862372403,-0.25099903932531914,-0.43615490749079344
OGG_EVT_082,2025-09-01 00:00:00,2025-09-30 00:00:00,Drought,,,,0.2062658287539073,1.4677843625152138,-2.1581487767732015,-0.37471019811833667,-0.33069434716681945,-0.35061965657864086,-0.1829492188209254,0.06662532783389565,-0.14351548619894905,0.09573725447565819,0.12025776936710686,-0.09763060290915036,-0.2010301160677166,0.2257538100492095,-0.21623756531612207,0.1959044501958273,0.2324875749195913,0.11961548569789633,0.1909061663133768,0.21182802024663935,0.10207765158126168,0.3796704248965283,0.14835939292623293,-0.41524299686006405,0.7308359341802948,-0.4902950710075052,0.14448059636825125,0.1291501019070677,-0.5958849339714303,0.0888234052470574,0.039537395129738084,-0.16303612306765208,-0.24917820734108498,-0.43615490749079344
OGG_EVT_083,2025-10-01 00:00:00,2025-10-31 00:00:00,Drought,,,,0.22763093926468278,1.787686082550581,-2.1581487767732015,-0.37471019811833667,-0.33069434716681945,-0.35061965657864086,-0.1829492188209254,0.06662532783389565,-0.14351548619894905,0.09573725447565819,0.12025776936710686,-0.09763060290915036,-0.2010301160677166,0.2257538100492095,-0.21623756531612207,0.1959044501958273,0.2324875749195913,0.11961548569789633,0.1909061663133768,0.21182802024663935,0.10207765158126168,0.3796704248965283,0.14835939292623293,-0.41524299686006405,0.7308359341802948,-0.4902950710075052,0.14448059636825125,0.1291501019070677,-0.5958849339714303,0.0888234052470574,0.039537395129738084,-0.16303612306765208,-0.24917820734108498,-0.43615490749079344
OGG_EVT_084,2025-11-01 00:00:00,2025-11-30 12:00:00,Drought | High Surf,,,,0.21694838400929503,2.107587802585948,-2.1581487767732015,-0.37471019811833667,-0.33069434716681945,-0.35061965657864086,-0.1829492188209254,0.06662532783389565,-0.14351548619894905,0.09573725447565819,0.12025776936710686,-0.09763060290915036,-0.2010301160677166,0.2257538100492095,-0.21623756531612207,0.1959044501958273,0.2324875749195913,0.11961548569789633,0.1909061663133768,0.21182802024663935,0.10207765158126168,0.3796704248965283,0.14835939292623293,-0.41524299686006405,0.7308359341802948,-0.4902950710075052,0.14448059636825125,0.1291501019070677,-0.5958849339714303,0.0888234052470574,0.039537395129738084,-0.16303612306765208,-0.24917820734108498,-0.43615490749079344
OGG_EVT_085,2025-12-01 00:00:00,2025-12-31 00:00:00,Drought,,,,0.22763093926468278,2.427489522621315,-2.1581487767732015,-0.37471019811833667,-0.33069434716681945,-0.35061965657864086,-0.1829492188209254,0.06662532783389565,-0.14351548619894905,0.09573725447565819,0.12025776936710686,-0.09763060290915036,-0.2010301160677166,0.2257538100492095,-0.21623756531612207,0.1959044501958273,0.2324875749195913,0.11961548569789633,0.1909061663133768,0.21182802024663935,0.10207765158126168,0.3796704248965283,0.14835939292623293,-0.41524299686006405,0.7308359341802948,-0.4902950710075052,0.14448059636825125,0.1291501019070677,-0.5958849339714303,0.0888234052470574,0.039537395129738084,-0.16303612306765208,-0.24917820734108498,-0.43615490749079344
